{
    "name": "IMI - EC2 Management Service",
    "resourceTypes": [
        "aws|AWS::EC2::Instance"
    ],
    "description": "Cloud Management Service for EC2",
    "servicelevels": [
        {
            "name": "Management level",
            "tags": [
                {
                    "tagkey": "ibm_imi_managedservices_tier",
                    "tagvalue": "lite",
                    "shortDesc": "Managed EC2 - Cloud Lite",
                    "description": [
                        "Provisioning and Deprovisioning using standard image through Service Request",
                        "Patching AMI Image through Service Request",
                        "Backup Management",
                        "Monitoring and Alerting"
                    ]
                },
                {
                    "tagkey": "ibm_imi_managedservices_tier",
                    "tagvalue": "enterprise",
                    "shortDesc": "Managed EC2 - Cloud Enterprise",
                    "description": [
                        "Provisioning and Deprovisioning of instances",
                        "Administration and Configuration updates",
                        "Health Checks and OS Patching",
                        "Backup Management",
                        "Troubleshooting of issues",
                        "Monitoring and Alerting"
                    ]
                }
            ]
        },
        {
            "name": "Plan level",
            "tags": [
                {
                    "tagkey": "ibm_imi_billing_plan",
                    "tagvalue": "Monthly",
                    "shortDesc": "Monthly billing",
                    "description": [
                        "Monthly billing"
                    ]
                },
                {
                    "tagkey": "ibm_imi_billing_plan",
                    "tagvalue": "Hourly",
                    "shortDesc": "Hourly billing",
                    "description": [
                        "Hourly billing"
                    ]
                }
            ]
        }
    ]
}