{
    "name": "IMI - Simple Managed Storage Service",
    "resourceTypes": [
        "aws|AWS::S3::Bucket"
    ],
    "description": "Cloud Management Service for S3",
    "servicelevels": [
        {
            "name": "Management level",
            "tags": [
                {
                    "tagkey": "ibm_imi_managedservices_tier",
                    "tagvalue": "enterprise",
                    "shortDesc": "Cloud Enterprise",
                    "description": [
                    ]
                }
            ]
        },
        {
            "name": "Billing Plan",
            "tags": [
                {
                    "tagkey": "ibm_imi_billing_plan",
                    "tagvalue": "Monthly",
                    "shortDesc": "Monthly",
                    "description": [
                        "Monthly billing"
                    ]
                }
            ]
        }
    ]
}
