{
    "name": "IMI - Virtual Private Cloud",
    "resourceTypes": [
        "aws|AWS::EC2::VPC"
    ],
    "description": "Cloud Management Service for VPC",
    "servicelevels": [
        {
            "name": "Management level",
            "tags": [
                {
                    "tagkey": "ibm_imi_managedservices_tier",
                    "tagvalue": "enterprise",
                    "shortDesc": "Cloud Enterprise",
                    "description": [
                        "Provisioning and Deprovisioning",
                        "Administration and Configuration updates",
                        "Troubleshooting of issues",
                        "Monitoring and Alerting"
                    ]
                }
            ]
        },
        {
            "name": "Billing Plan",
            "tags": [
                {
                    "tagkey": "ibm_imi_billing_plan",
                    "tagvalue": "Monthly",
                    "shortDesc": "Monthly",
                    "description": [
                        "Monthly billing"
                    ]
                }
            ]
        }
    ]
}
