{
  "bluePrintName": "Simple Storage Service (S3)",
  "descriptiveText": "Amazon S3 has a simple web services interface that can be use to store and retrieve any amount of data, at any time, from anywhere on the web.",
  "provider": "Amazon",
  "providerAccount": "AWS-TEAM1 / AWS-TEAM1",
  "serviceName": "testInstanceForS3",
  "Category": "Storage",
  "BasePrice": "USD 0.023/ GB / MONTH + USD 0.00",
  "EstimatedPrice": "USD 0.023 /Month + USD 0.00 one time charges apply",
  "TotalCost": "USD 0.023",
  "TotalCostAfterEdit": "USD 0.023",
  "serviceId": "CB_AWS_CF_S3_S00",
  "componentType": "AWS::S3::Bucket",
  "TotalCostWithAddOn": "USD 30.023",
  "TotalCostWithAddOnManageService" : "USD 60.023",
  "EstimatedPriceWithAddOn": "USD 30.023 /Month + USD 0.00 one time charges apply",
  "orderSubmittedConfirmationMessage": "Order Submitted !",
  "appInProgressState": "Approval In Progress",
  "provInProgressState": "Provisioning in Progress",
  "completedState": "Completed",
  "orderTypeEdit": "EditSOI",
  "orderTypeDel": "Delete",
  "DefaultEncryptionEdit": "None",
  "AccessControlEdit": "BucketOwnerRead",
  
  "Main_Parameters": {
    "Service Instance Name": {
      "type": "Textbox",
      "css": "#text-input-main_params-serviceName",
      "value": "service921022"
    },
    "Team": {
      "type": "RadioButton",
      "css": "[value='Auto-TEAM1']",
      "value": "Auto-TEAM1"
    },
    "Environment": {
      "type": "InputOptions",
      "css": "#env",
      "value": "NONE"
    },
    "Application": {
      "type": "InputOptions",
      "css": "#app",
      "value": "NONE"
    },
    "Provider Account": {
      "type": "RadioButton",
      "css": "[value='AWS-TEAM1 / AWS-TEAM1']",
      "value": "AWS-TEAM1 / AWS-TEAM1"
    }
  },
  "Additional_Parameter" : {
    "Configure Region": {
      "AWS Region": {
        "type": "Dropdown",
        "css": "[id^='bx--dropdown-single-parent_AWS']",
        "value": "us-east-1 | US East (N. Virginia)"
      }
    },
    "Name": {
      "Bucket Name": {
        "type": "Textbox",
        "css": "#text-input-bucketName",
        "value": "bucketcbs3921022"
      }
    },
    "Set properties": {
      "Versioning": {
        "type": "RadioButton",
        "css": "#radio-button-versioning_Suspended",
        "value": "Suspended"
      },
      "Server Access Logging": {
        "type": "RadioButton",
        "css": "#radio-button-serverAccessLogging_Disable_Logging",
        "value": "Disable Logging"
      },
      "Static Website Hosting": {
        "type": "Dropdown",
        "css": "#bx--dropdown-single-parent_staticWebsiteHosting",
        "value": "Redirect requests"
      },
      "Target Bucket Or Domain": {
        "type": "Textbox",
        "css": "#text-input-targetBucketOrDomain",
        "value": "www.google.com"
      },
      "Transfer Acceleration": {
        "type": "RadioButton",
        "css": "#radio-button-accelerateStatus_Suspended",
        "value": "Suspended"
      },
      "Default Encryption": {
        "type": "Dropdown",
        "css": "#bx--dropdown-single-parent_defaultEncryption",
        "value": "AES-256"
      }
    },
    "Set Permissions": {
      "Access Control": {
        "type": "Dropdown",
        "css": "#bx--dropdown-single-parent_accessControl",
        "value": "PublicReadWrite"
      },
      "Bucket Policy Editor": {
        "type": "Textbox",
        "css": "#text-areabucketPolicyEditor",
        "value": "testBucket"
      }
    },
    "Management": {
      "Add lifecycle rule": {
        "type": "Button",
        "css": "[id^=Add][ibmbutton='primary']",
        "value": "click"
      },
      "Enter a rule name": {
        "type": "Textbox",
        "css": "#text-input-ruleName1",
        "value": "rule1"
      },
      "Add Tags to Rule": {
        "type": "RadioButton",
        "css": "#radio-button-addTags1_true",
        "value": "true"
      },
      "Add filter tag key name to limit scope to tags": {
        "type": "Textbox",
        "css": "#text-input-tagFilterKey1",
        "value": "rule1Filter"
      },
      "Add filter tag key value to limit scope to tags": {
        "type": "Textbox",
        "css": "#text-input-tagFilterValue1",
        "value": "rule1FilterValue"
      }
    },
    "Add Tags": {
      "Add Tags": {
        "type": "",
        "css": "",
        "value": ""
      }
    },
    "Configure Add-ons": {
      "IMI Pair": {
        "type": "",
        "css": "",
        "value": ""
      }
    }
  }  
}