{
	"projectId": "fxaedm",
	"supportFile": "cypress/support/index.js",
  	"video": true,
	"chromeWebSecurity" : false,
	"defaultCommandTimeout": 60000,
	"execTimeout": 60000,
    "pageLoadTimeout": 60000,
    "requestTimeout": 15000,
    "responseTimeout": 15000,
	"retries": 1,
	"reporter": "cypress-multi-reporters",
    "reporterOptions": {
	  "reporterEnabled": "cypress-mochawesome-reporter, mocha-junit-reporter, mochawesome",
      "cypressMochawesomeReporterReporterOptions": {
		"reportDir": "cypress/reports",
		"charts": true,
		"reportFilename": "report",
		"reportPageTitle": "Cypress Test Suite",
		"embeddedScreenshots": true,
		"overwrite": false,
		"html": true,
		"json": true,
		"inlineAssets": true
    },
    "mochaJunitReporterReporterOptions": {
    	"mochaFile": "cypress/reports/junit/results-[hash].xml"
    	}
    },
	"baseUrl" : "https://mcmp-stagedal-master-autoui.multicloud-ibm.com"
}
