{
    "prices": [
        {
            "configId": "tag_management_level",
            "quantity": 1,
            "configValues": [
                {
                    "valueId": "ibm_imi_managedservices_tier|enterprise",
                    "label": "",
                    "oneTimeCharge": 0,
                    "description": "Management - Cloud Enterprise",
                    "recurringCharge": {
                        "frequency": {
                            "value": 1,
                            "code": "Month"
                        },
                        "value": 50
                    }
                }
            ]
        }
    ],
    "currencyCode": "USD",
    "isExternalPricing": false,
    "externalPricingUrl": "",
    "basicAuthInfo": "Basic Abcd",
    "providerCode": "imi",
    "docType": "pricing"
}
