[
    {
        "_id": "AT1",
        "expr": "(((providerName==\"aws\")))",
        "context": {
            "team": [
                "e2esvtperf_cam_admn"
            ]
        },
        "type": "visibility",
        "version": "1",
        "checkOverlap": false
    },
    {
        "_id": "Cost Analyst - AWS",
        "expr": "(((providerName==\"aws\")&&($tag(\"allTags\",(\"Name\"==\"EC2Instance\"))))||((providerName==\"aws-perftest\")))",
        "context": {
            "org": [
                "svt_performance"
            ]
        },
        "type": "visibility",
        "version": "1",
        "checkOverlap": false
    },
    {
        "_id": "Cost Analyst - IBMCloud",
        "expr": "(((providerName==\"ibmcloud\"))||((providerName==\"ibmcloud-perftest\")))",
        "context": {
            "org": [
                "svt_performance"
            ]
        },
        "type": "visibility",
        "version": "1"
    },
    {
        "_id": "Cost Analyst - Azure",
        "expr": "(((providerName==\"azure\"))||((providerName==\"azure-perftest\")))",
        "context": {
            "org": [
                "svt_performance"
            ]
        },
        "type": "visibility",
        "version": "1"
    },
    {
        "_id": "Cost Analyst - GCP",
        "expr": "(((providerName==\"gcp\"))||((providerName==\"gcp-perftest\")))",
        "context": {
            "org": [
                "svt_performance"
            ]
        },
        "type": "visibility",
        "version": "1"
    },
    {
        "_id": "DRG_BU1_AWS",
        "expr": "(((providerName==\"aws\"))||((providerName==\"aws-perftest\")))",
        "context": {
            "org": [
                "svt_performance"
            ]
        },
        "type": "budget",
        "budgetaryUnitCode": "BU_1",
        "status": "Active",
        "checkOverlap": false,
        "version": "1"
    }
]