{
    "aws-perftest": [
        {
            "providerName": "aws-perftest",
            "dataCenter": "Australia East",
            "providerRegionCode": "aueast",
            "location": "New South Wales",
            "country": "AU"
        },
        {
            "providerName": "aws-perftest",
            "dataCenter": "Australia Southeast",
            "providerRegionCode": "ausoutheast",
            "location": "Victoria",
            "country": "AU"
        },
        {
            "providerName": "aws-perftest",
            "dataCenter": "Central US",
            "providerRegionCode": "CentralUS",
            "location": "Kansas City",
            "country": "US"
        },
        {
            "providerName": "aws-perftest",
            "dataCenter": "South Asia",
            "providerRegionCode": "apsoutheast",
            "location": "INDIA",
            "country": "IN"
        }
    ],
    "azure-perftest": [
        {
            "providerName": "azure-perftest",
            "dataCenter": "Australia East",
            "providerRegionCode": "aueast",
            "location": "New South Wales",
            "country": "AU"
        },
        {
            "providerName": "azure-perftest",
            "dataCenter": "Australia Southeast",
            "providerRegionCode": "ausoutheast",
            "location": "Victoria",
            "country": "AU"
        },
        {
            "providerName": "azure-perftest",
            "dataCenter": "Central US",
            "providerRegionCode": "CentralUS",
            "location": "Kansas City",
            "country": "US"
        },
        {
            "providerName": "azure-perftest",
            "dataCenter": "South Asia",
            "providerRegionCode": "apsoutheast",
            "location": "INDIA",
            "country": "IN"
        }
    ],
    "gcp-perftest": [
        {
            "providerName": "gcp-perftest",
            "dataCenter": "Australia East",
            "providerRegionCode": "aueast",
            "location": "New South Wales",
            "country": "AU"
        },
        {
            "providerName": "gcp-perftest",
            "dataCenter": "Australia Southeast",
            "providerRegionCode": "ausoutheast",
            "location": "Victoria",
            "country": "AU"
        },
        {
            "providerName": "gcp-perftest",
            "dataCenter": "Central US",
            "providerRegionCode": "CentralUS",
            "location": "Kansas City",
            "country": "US"
        },
        {
            "providerName": "gcp-perftest",
            "dataCenter": "South Asia",
            "providerRegionCode": "apsoutheast",
            "location": "INDIA",
            "country": "IN"
        }
    ],
    "ibmcloud-perftest": [
        {
            "providerName": "ibmcloud-perftest",
            "dataCenter": "Australia East",
            "providerRegionCode": "aueast",
            "location": "New South Wales",
            "country": "AU"
        },
        {
            "providerName": "ibmcloud-perftest",
            "dataCenter": "Australia Southeast",
            "providerRegionCode": "ausoutheast",
            "location": "Victoria",
            "country": "AU"
        },
        {
            "providerName": "ibmcloud-perftest",
            "dataCenter": "Central US",
            "providerRegionCode": "CentralUS",
            "location": "Kansas City",
            "country": "US"
        },
        {
            "providerName": "ibmcloud-perftest",
            "dataCenter": "South Asia",
            "providerRegionCode": "apsoutheast",
            "location": "INDIA",
            "country": "IN"
        }
    ],
    "perf1": [
        {
            "providerName": "perf1",
            "dataCenter": "Australia Southeast",
            "providerRegionCode": "ausoutheast",
            "location": "Victoria",
            "country": "AU"
        }
    ],
    "perf2": [
        {
            "providerName": "perf2",
            "dataCenter": "Australia Southeast",
            "providerRegionCode": "ausoutheast",
            "location": "Victoria",
            "country": "AU"
        }
    ],
    "perf3": [
        {
            "providerName": "perf3",
            "dataCenter": "Australia Southeast",
            "providerRegionCode": "ausoutheast",
            "location": "Victoria",
            "country": "AU"
        }
    ],
    "perf4": [
        {
            "providerName": "perf4",
            "dataCenter": "Australia Southeast",
            "providerRegionCode": "ausoutheast",
            "location": "Victoria",
            "country": "AU"
        }
    ],
    "perf5": [
        {
            "providerName": "perf5",
            "dataCenter": "Australia Southeast",
            "providerRegionCode": "ausoutheast",
            "location": "Victoria",
            "country": "AU"
        }
    ],
    "perf6": [
        {
            "providerName": "perf6",
            "dataCenter": "Australia Southeast",
            "providerRegionCode": "ausoutheast",
            "location": "Victoria",
            "country": "AU"
        }
    ],
    "perf7": [
        {
            "providerName": "perf7",
            "dataCenter": "Australia Southeast",
            "providerRegionCode": "ausoutheast",
            "location": "Victoria",
            "country": "AU"
        }
    ],
    "perf8": [
        {
            "providerName": "perf8",
            "dataCenter": "Australia Southeast",
            "providerRegionCode": "ausoutheast",
            "location": "Victoria",
            "country": "AU"
        }
    ],
    "perf9": [
        {
            "providerName": "perf9",
            "dataCenter": "Australia Southeast",
            "providerRegionCode": "ausoutheast",
            "location": "Victoria",
            "country": "AU"
        }
    ],
    "perf10": [
        {
            "providerName": "perf10",
            "dataCenter": "Australia Southeast",
            "providerRegionCode": "ausoutheast",
            "location": "Victoria",
            "country": "AU"
        }
    ],
    "perf11": [
        {
            "providerName": "perf11",
            "dataCenter": "Australia Southeast",
            "providerRegionCode": "ausoutheast",
            "location": "Victoria",
            "country": "AU"
        }
    ],
    "perf12": [
        {
            "providerName": "perf13",
            "dataCenter": "Australia Southeast",
            "providerRegionCode": "ausoutheast",
            "location": "Victoria",
            "country": "AU"
        }
    ],
    "perf13": [
        {
            "providerName": "perf14",
            "dataCenter": "Australia Southeast",
            "providerRegionCode": "ausoutheast",
            "location": "Victoria",
            "country": "AU"
        }
    ],
    "perf14": [
        {
            "providerName": "perf15",
            "dataCenter": "Australia Southeast",
            "providerRegionCode": "ausoutheast",
            "location": "Victoria",
            "country": "AU"
        }
    ],
    "perf15": [
        {
            "providerName": "perf16",
            "dataCenter": "Australia Southeast",
            "providerRegionCode": "ausoutheast",
            "location": "Victoria",
            "country": "AU"
        }
    ],
    "perf16": [
        {
            "providerName": "perf17",
            "dataCenter": "Australia Southeast",
            "providerRegionCode": "ausoutheast",
            "location": "Victoria",
            "country": "AU"
        }
    ],
    "perf17": [
        {
            "providerName": "perf18",
            "dataCenter": "Australia Southeast",
            "providerRegionCode": "ausoutheast",
            "location": "Victoria",
            "country": "AU"
        }
    ],
    "perf18": [
        {
            "providerName": "perf18",
            "dataCenter": "Australia Southeast",
            "providerRegionCode": "ausoutheast",
            "location": "Victoria",
            "country": "AU"
        }
    ],
    "perf19": [
        {
            "providerName": "perf19",
            "dataCenter": "Australia Southeast",
            "providerRegionCode": "ausoutheast",
            "location": "Victoria",
            "country": "AU"
        }
    ],
    "perf20": [
        {
            "providerName": "perf20",
            "dataCenter": "Australia Southeast",
            "providerRegionCode": "ausoutheast",
            "location": "Victoria",
            "country": "AU"
        }
    ]
}