{
    "aws-perftest": [
        {
            "master_name": "aws-perftest",
            "master_ref_id": null,
            "advanced_info": {},
            "credential_accounts": [],
            "assets": []
        }
    ],
    "azure-perftest": [
        {
            "master_name": "azure-perftest",
            "master_ref_id": null,
            "advanced_info": {},
            "credential_accounts": [],
            "assets": []
        }
    ],
    "gcp-perftest": [
        {
            "master_name": "gcp-perftest",
            "master_ref_id": null,
            "advanced_info": {},
            "credential_accounts": [],
            "assets": []
        }
    ],
    "ibmcloud-perftest": [
        {
            "master_name": "ibmcloud-perftest",
            "master_ref_id": null,
            "advanced_info": {},
            "credential_accounts": [],
            "assets": []
        }
    ],
    "perf1": [
        {
            "master_name": "perf1",
            "master_ref_id": null,
            "advanced_info": {},
            "credential_accounts": [],
            "assets": []
        }
    ],
    "perf2": [
        {
            "master_name": "perf2",
            "master_ref_id": null,
            "advanced_info": {},
            "credential_accounts": [],
            "assets": []
        }
    ],
    "perf3": [
        {
            "master_name": "perf3",
            "master_ref_id": null,
            "advanced_info": {},
            "credential_accounts": [],
            "assets": []
        }
    ],
    "perf4": [
        {
            "master_name": "perf4",
            "master_ref_id": null,
            "advanced_info": {},
            "credential_accounts": [],
            "assets": []
        }
    ],
    "perf5": [
        {
            "master_name": "perf5",
            "master_ref_id": null,
            "advanced_info": {},
            "credential_accounts": [],
            "assets": []
        }
    ],
    "perf6": [
        {
            "master_name": "perf6",
            "master_ref_id": null,
            "advanced_info": {},
            "credential_accounts": [],
            "assets": []
        }
    ],
    "perf7": [
        {
            "master_name": "perf7",
            "master_ref_id": null,
            "advanced_info": {},
            "credential_accounts": [],
            "assets": []
        }
    ],
    "perf8": [
        {
            "master_name": "perf8",
            "master_ref_id": null,
            "advanced_info": {},
            "credential_accounts": [],
            "assets": []
        }
    ],
    "perf9": [
        {
            "master_name": "perf9",
            "master_ref_id": null,
            "advanced_info": {},
            "credential_accounts": [],
            "assets": []
        }
    ],
    "perf10": [
        {
            "master_name": "perf10",
            "master_ref_id": null,
            "advanced_info": {},
            "credential_accounts": [],
            "assets": []
        }
    ],
    "perf11": [
        {
            "master_name": "perf11",
            "master_ref_id": null,
            "advanced_info": {},
            "credential_accounts": [],
            "assets": []
        }
    ],
    "perf12": [
        {
            "master_name": "perf12",
            "master_ref_id": null,
            "advanced_info": {},
            "credential_accounts": [],
            "assets": []
        }
    ],
    "perf13": [
        {
            "master_name": "perf13",
            "master_ref_id": null,
            "advanced_info": {},
            "credential_accounts": [],
            "assets": []
        }
    ],
    "perf14": [
        {
            "master_name": "perf14",
            "master_ref_id": null,
            "advanced_info": {},
            "credential_accounts": [],
            "assets": []
        }
    ],
    "perf15": [
        {
            "master_name": "perf15",
            "master_ref_id": null,
            "advanced_info": {},
            "credential_accounts": [],
            "assets": []
        }
    ],
    "perf16": [
        {
            "master_name": "perf16",
            "master_ref_id": null,
            "advanced_info": {},
            "credential_accounts": [],
            "assets": []
        }
    ],
    "perf17": [
        {
            "master_name": "perf17",
            "master_ref_id": null,
            "advanced_info": {},
            "credential_accounts": [],
            "assets": []
        }
    ],
    "perf18": [
        {
            "master_name": "perf18",
            "master_ref_id": null,
            "advanced_info": {},
            "credential_accounts": [],
            "assets": []
        }
    ],
    "perf19": [
        {
            "master_name": "perf19",
            "master_ref_id": null,
            "advanced_info": {},
            "credential_accounts": [],
            "assets": []
        }
    ],
    "perf20": [
        {
            "master_name": "perf20",
            "master_ref_id": null,
            "advanced_info": {},
            "credential_accounts": [],
            "assets": []
        }
    ]
}
