{
    "aws-perftest": {
        "providerType": "aws-perftest",
        "displayName": "aws-perftest",
        "iconImage": "path of icon for this provider",
        "canSupportSubAccounts": true,
        "canDiscoverSubAccounts": false,
        "canDetachSubAccounts": false,
        "canDoTestConnection": true,
        "version": 1,
        "accountMetadata": {},
        "credentialMetadata": {
            "costIngestion": {
                "accessKey": {
                    "type": "password",
                    "canUpdate": true,
                    "minLength": 5,
                    "maxLength": 200,
                    "isRequired": true,
                    "displayLabel": "Access Key ID",
                    "helpText": "Enter Access Key ID"
                },
                "secretKey": {
                    "type": "password",
                    "canUpdate": true,
                    "minLength": 5,
                    "maxLength": 200,
                    "isRequired": true,
                    "displayLabel": "Secret Access Key",
                    "helpText": "Enter Secret Access Key"
                }
            },
            "provisioning": {
                "accessKey": {
                    "type": "password",
                    "canUpdate": true,
                    "minLength": 8,
                    "maxLength": 200,
                    "isRequired": true,
                    "displayLabel": "AccessKey ID",
                    "helpText": "Add Access Key ID"
                },
                "secretKey": {
                    "type": "password",
                    "canUpdate": true,
                    "minLength": 8,
                    "maxLength": 200,
                    "isRequired": true,
                    "displayLabel": "Secret Access Key",
                    "helpText": "Add Secret Access Key"
                }
            },
            "assetIngestion": {
                "accessKey": {
                    "type": "password",
                    "canUpdate": true,
                    "minLength": 8,
                    "maxLength": 200,
                    "isRequired": true,
                    "displayLabel": "AccessKey ID",
                    "helpText": "Add Access Key ID"
                },
                "secretKey": {
                    "type": "password",
                    "canUpdate": true,
                    "minLength": 8,
                    "maxLength": 200,
                    "isRequired": true,
                    "displayLabel": "Secret Access Key",
                    "helpText": "Add Secret Access Key"
                }
            }
        }
    },
    "azure-perftest": {
        "providerType": "azure-perftest",
        "displayName": "azure-perftest",
        "iconImage": "path of icon for this provider",
        "canSupportSubAccounts": true,
        "canDiscoverSubAccounts": false,
        "canDetachSubAccounts": false,
        "canDoTestConnection": true,
        "version": 1,
        "accountMetadata": {},
        "credentialMetadata": {
            "costIngestion": {
                "accessKey": {
                    "type": "password",
                    "canUpdate": true,
                    "minLength": 5,
                    "maxLength": 200,
                    "isRequired": true,
                    "displayLabel": "Access Key ID",
                    "helpText": "Enter Access Key ID"
                },
                "secretKey": {
                    "type": "password",
                    "canUpdate": true,
                    "minLength": 5,
                    "maxLength": 200,
                    "isRequired": true,
                    "displayLabel": "Secret Access Key",
                    "helpText": "Enter Secret Access Key"
                }
            },
            "provisioning": {
                "accessKey": {
                    "type": "password",
                    "canUpdate": true,
                    "minLength": 8,
                    "maxLength": 200,
                    "isRequired": true,
                    "displayLabel": "AccessKey ID",
                    "helpText": "Add Access Key ID"
                },
                "secretKey": {
                    "type": "password",
                    "canUpdate": true,
                    "minLength": 8,
                    "maxLength": 200,
                    "isRequired": true,
                    "displayLabel": "Secret Access Key",
                    "helpText": "Add Secret Access Key"
                }
            },
            "assetIngestion": {
                "accessKey": {
                    "type": "password",
                    "canUpdate": true,
                    "minLength": 8,
                    "maxLength": 200,
                    "isRequired": true,
                    "displayLabel": "AccessKey ID",
                    "helpText": "Add Access Key ID"
                },
                "secretKey": {
                    "type": "password",
                    "canUpdate": true,
                    "minLength": 8,
                    "maxLength": 200,
                    "isRequired": true,
                    "displayLabel": "Secret Access Key",
                    "helpText": "Add Secret Access Key"
                }
            }
        }
    },
    "gcp-perftest": {
        "providerType": "gcp-perftest",
        "displayName": "gcp-perftest",
        "iconImage": "path of icon for this provider",
        "canSupportSubAccounts": true,
        "canDiscoverSubAccounts": false,
        "canDetachSubAccounts": false,
        "canDoTestConnection": true,
        "version": 1,
        "accountMetadata": {},
        "credentialMetadata": {
            "costIngestion": {
                "accessKey": {
                    "type": "password",
                    "canUpdate": true,
                    "minLength": 5,
                    "maxLength": 200,
                    "isRequired": true,
                    "displayLabel": "Access Key ID",
                    "helpText": "Enter Access Key ID"
                },
                "secretKey": {
                    "type": "password",
                    "canUpdate": true,
                    "minLength": 5,
                    "maxLength": 200,
                    "isRequired": true,
                    "displayLabel": "Secret Access Key",
                    "helpText": "Enter Secret Access Key"
                }
            },
            "provisioning": {
                "accessKey": {
                    "type": "password",
                    "canUpdate": true,
                    "minLength": 8,
                    "maxLength": 200,
                    "isRequired": true,
                    "displayLabel": "AccessKey ID",
                    "helpText": "Add Access Key ID"
                },
                "secretKey": {
                    "type": "password",
                    "canUpdate": true,
                    "minLength": 8,
                    "maxLength": 200,
                    "isRequired": true,
                    "displayLabel": "Secret Access Key",
                    "helpText": "Add Secret Access Key"
                }
            },
            "assetIngestion": {
                "accessKey": {
                    "type": "password",
                    "canUpdate": true,
                    "minLength": 8,
                    "maxLength": 200,
                    "isRequired": true,
                    "displayLabel": "AccessKey ID",
                    "helpText": "Add Access Key ID"
                },
                "secretKey": {
                    "type": "password",
                    "canUpdate": true,
                    "minLength": 8,
                    "maxLength": 200,
                    "isRequired": true,
                    "displayLabel": "Secret Access Key",
                    "helpText": "Add Secret Access Key"
                }
            }
        }
    },
    "ibmcloud-perftest": {
        "providerType": "ibmcloud-perftest",
        "displayName": "ibmcloud-perftest",
        "iconImage": "path of icon for this provider",
        "canSupportSubAccounts": true,
        "canDiscoverSubAccounts": false,
        "canDetachSubAccounts": false,
        "canDoTestConnection": true,
        "version": 1,
        "accountMetadata": {},
        "credentialMetadata": {
            "costIngestion": {
                "accessKey": {
                    "type": "password",
                    "canUpdate": true,
                    "minLength": 5,
                    "maxLength": 200,
                    "isRequired": true,
                    "displayLabel": "Access Key ID",
                    "helpText": "Enter Access Key ID"
                },
                "secretKey": {
                    "type": "password",
                    "canUpdate": true,
                    "minLength": 5,
                    "maxLength": 200,
                    "isRequired": true,
                    "displayLabel": "Secret Access Key",
                    "helpText": "Enter Secret Access Key"
                }
            },
            "provisioning": {
                "accessKey": {
                    "type": "password",
                    "canUpdate": true,
                    "minLength": 8,
                    "maxLength": 200,
                    "isRequired": true,
                    "displayLabel": "AccessKey ID",
                    "helpText": "Add Access Key ID"
                },
                "secretKey": {
                    "type": "password",
                    "canUpdate": true,
                    "minLength": 8,
                    "maxLength": 200,
                    "isRequired": true,
                    "displayLabel": "Secret Access Key",
                    "helpText": "Add Secret Access Key"
                }
            },
            "assetIngestion": {
                "accessKey": {
                    "type": "password",
                    "canUpdate": true,
                    "minLength": 8,
                    "maxLength": 200,
                    "isRequired": true,
                    "displayLabel": "AccessKey ID",
                    "helpText": "Add Access Key ID"
                },
                "secretKey": {
                    "type": "password",
                    "canUpdate": true,
                    "minLength": 8,
                    "maxLength": 200,
                    "isRequired": true,
                    "displayLabel": "Secret Access Key",
                    "helpText": "Add Secret Access Key"
                }
            }
        }
    },
    "perf1": {
        "providerType": "perf1",
        "displayName": "perf1",
        "iconImage": "path of icon for this provider",
        "canSupportSubAccounts": true,
        "canDiscoverSubAccounts": false,
        "canDetachSubAccounts": false,
        "canDoTestConnection": true,
        "version": 1,
        "accountMetadata": {},
        "credentialMetadata": {
            "costIngestion": {
                "accessKey": {
                    "type": "password",
                    "canUpdate": true,
                    "minLength": 5,
                    "maxLength": 200,
                    "isRequired": true,
                    "displayLabel": "Access Key ID",
                    "helpText": "Enter Access Key ID"
                },
                "secretKey": {
                    "type": "password",
                    "canUpdate": true,
                    "minLength": 5,
                    "maxLength": 200,
                    "isRequired": true,
                    "displayLabel": "Secret Access Key",
                    "helpText": "Enter Secret Access Key"
                }
            },
            "provisioning": {
                "accessKey": {
                    "type": "password",
                    "canUpdate": true,
                    "minLength": 8,
                    "maxLength": 200,
                    "isRequired": true,
                    "displayLabel": "AccessKey ID",
                    "helpText": "Add Access Key ID"
                },
                "secretKey": {
                    "type": "password",
                    "canUpdate": true,
                    "minLength": 8,
                    "maxLength": 200,
                    "isRequired": true,
                    "displayLabel": "Secret Access Key",
                    "helpText": "Add Secret Access Key"
                }
            },
            "assetIngestion": {
                "accessKey": {
                    "type": "password",
                    "canUpdate": true,
                    "minLength": 8,
                    "maxLength": 200,
                    "isRequired": true,
                    "displayLabel": "AccessKey ID",
                    "helpText": "Add Access Key ID"
                },
                "secretKey": {
                    "type": "password",
                    "canUpdate": true,
                    "minLength": 8,
                    "maxLength": 200,
                    "isRequired": true,
                    "displayLabel": "Secret Access Key",
                    "helpText": "Add Secret Access Key"
                }
            }
        }
    },
    "perf2": {
        "providerType": "perf2",
        "displayName": "perf2",
        "iconImage": "path of icon for this provider",
        "canSupportSubAccounts": true,
        "canDiscoverSubAccounts": false,
        "canDetachSubAccounts": false,
        "canDoTestConnection": true,
        "version": 1,
        "accountMetadata": {},
        "credentialMetadata": {
            "costIngestion": {
                "accessKey": {
                    "type": "password",
                    "canUpdate": true,
                    "minLength": 5,
                    "maxLength": 200,
                    "isRequired": true,
                    "displayLabel": "Access Key ID",
                    "helpText": "Enter Access Key ID"
                },
                "secretKey": {
                    "type": "password",
                    "canUpdate": true,
                    "minLength": 5,
                    "maxLength": 200,
                    "isRequired": true,
                    "displayLabel": "Secret Access Key",
                    "helpText": "Enter Secret Access Key"
                }
            },
            "provisioning": {
                "accessKey": {
                    "type": "password",
                    "canUpdate": true,
                    "minLength": 8,
                    "maxLength": 200,
                    "isRequired": true,
                    "displayLabel": "AccessKey ID",
                    "helpText": "Add Access Key ID"
                },
                "secretKey": {
                    "type": "password",
                    "canUpdate": true,
                    "minLength": 8,
                    "maxLength": 200,
                    "isRequired": true,
                    "displayLabel": "Secret Access Key",
                    "helpText": "Add Secret Access Key"
                }
            },
            "assetIngestion": {
                "accessKey": {
                    "type": "password",
                    "canUpdate": true,
                    "minLength": 8,
                    "maxLength": 200,
                    "isRequired": true,
                    "displayLabel": "AccessKey ID",
                    "helpText": "Add Access Key ID"
                },
                "secretKey": {
                    "type": "password",
                    "canUpdate": true,
                    "minLength": 8,
                    "maxLength": 200,
                    "isRequired": true,
                    "displayLabel": "Secret Access Key",
                    "helpText": "Add Secret Access Key"
                }
            }
        }
    },
    "perf3": {
        "providerType": "perf3",
        "displayName": "perf3",
        "iconImage": "path of icon for this provider",
        "canSupportSubAccounts": true,
        "canDiscoverSubAccounts": false,
        "canDetachSubAccounts": false,
        "canDoTestConnection": true,
        "version": 1,
        "accountMetadata": {},
        "credentialMetadata": {
            "costIngestion": {
                "accessKey": {
                    "type": "password",
                    "canUpdate": true,
                    "minLength": 5,
                    "maxLength": 200,
                    "isRequired": true,
                    "displayLabel": "Access Key ID",
                    "helpText": "Enter Access Key ID"
                },
                "secretKey": {
                    "type": "password",
                    "canUpdate": true,
                    "minLength": 5,
                    "maxLength": 200,
                    "isRequired": true,
                    "displayLabel": "Secret Access Key",
                    "helpText": "Enter Secret Access Key"
                }
            },
            "provisioning": {
                "accessKey": {
                    "type": "password",
                    "canUpdate": true,
                    "minLength": 8,
                    "maxLength": 200,
                    "isRequired": true,
                    "displayLabel": "AccessKey ID",
                    "helpText": "Add Access Key ID"
                },
                "secretKey": {
                    "type": "password",
                    "canUpdate": true,
                    "minLength": 8,
                    "maxLength": 200,
                    "isRequired": true,
                    "displayLabel": "Secret Access Key",
                    "helpText": "Add Secret Access Key"
                }
            },
            "assetIngestion": {
                "accessKey": {
                    "type": "password",
                    "canUpdate": true,
                    "minLength": 8,
                    "maxLength": 200,
                    "isRequired": true,
                    "displayLabel": "AccessKey ID",
                    "helpText": "Add Access Key ID"
                },
                "secretKey": {
                    "type": "password",
                    "canUpdate": true,
                    "minLength": 8,
                    "maxLength": 200,
                    "isRequired": true,
                    "displayLabel": "Secret Access Key",
                    "helpText": "Add Secret Access Key"
                }
            }
        }
    },
    "perf4": {
        "providerType": "perf4",
        "displayName": "perf4",
        "iconImage": "path of icon for this provider",
        "canSupportSubAccounts": true,
        "canDiscoverSubAccounts": false,
        "canDetachSubAccounts": false,
        "canDoTestConnection": true,
        "version": 1,
        "accountMetadata": {},
        "credentialMetadata": {
            "costIngestion": {
                "accessKey": {
                    "type": "password",
                    "canUpdate": true,
                    "minLength": 5,
                    "maxLength": 200,
                    "isRequired": true,
                    "displayLabel": "Access Key ID",
                    "helpText": "Enter Access Key ID"
                },
                "secretKey": {
                    "type": "password",
                    "canUpdate": true,
                    "minLength": 5,
                    "maxLength": 200,
                    "isRequired": true,
                    "displayLabel": "Secret Access Key",
                    "helpText": "Enter Secret Access Key"
                }
            },
            "provisioning": {
                "accessKey": {
                    "type": "password",
                    "canUpdate": true,
                    "minLength": 8,
                    "maxLength": 200,
                    "isRequired": true,
                    "displayLabel": "AccessKey ID",
                    "helpText": "Add Access Key ID"
                },
                "secretKey": {
                    "type": "password",
                    "canUpdate": true,
                    "minLength": 8,
                    "maxLength": 200,
                    "isRequired": true,
                    "displayLabel": "Secret Access Key",
                    "helpText": "Add Secret Access Key"
                }
            },
            "assetIngestion": {
                "accessKey": {
                    "type": "password",
                    "canUpdate": true,
                    "minLength": 8,
                    "maxLength": 200,
                    "isRequired": true,
                    "displayLabel": "AccessKey ID",
                    "helpText": "Add Access Key ID"
                },
                "secretKey": {
                    "type": "password",
                    "canUpdate": true,
                    "minLength": 8,
                    "maxLength": 200,
                    "isRequired": true,
                    "displayLabel": "Secret Access Key",
                    "helpText": "Add Secret Access Key"
                }
            }
        }
    },
    "perf5": {
        "providerType": "perf5",
        "displayName": "perf5",
        "iconImage": "path of icon for this provider",
        "canSupportSubAccounts": true,
        "canDiscoverSubAccounts": false,
        "canDetachSubAccounts": false,
        "canDoTestConnection": true,
        "version": 1,
        "accountMetadata": {},
        "credentialMetadata": {
            "costIngestion": {
                "accessKey": {
                    "type": "password",
                    "canUpdate": true,
                    "minLength": 5,
                    "maxLength": 200,
                    "isRequired": true,
                    "displayLabel": "Access Key ID",
                    "helpText": "Enter Access Key ID"
                },
                "secretKey": {
                    "type": "password",
                    "canUpdate": true,
                    "minLength": 5,
                    "maxLength": 200,
                    "isRequired": true,
                    "displayLabel": "Secret Access Key",
                    "helpText": "Enter Secret Access Key"
                }
            },
            "provisioning": {
                "accessKey": {
                    "type": "password",
                    "canUpdate": true,
                    "minLength": 8,
                    "maxLength": 200,
                    "isRequired": true,
                    "displayLabel": "AccessKey ID",
                    "helpText": "Add Access Key ID"
                },
                "secretKey": {
                    "type": "password",
                    "canUpdate": true,
                    "minLength": 8,
                    "maxLength": 200,
                    "isRequired": true,
                    "displayLabel": "Secret Access Key",
                    "helpText": "Add Secret Access Key"
                }
            },
            "assetIngestion": {
                "accessKey": {
                    "type": "password",
                    "canUpdate": true,
                    "minLength": 8,
                    "maxLength": 200,
                    "isRequired": true,
                    "displayLabel": "AccessKey ID",
                    "helpText": "Add Access Key ID"
                },
                "secretKey": {
                    "type": "password",
                    "canUpdate": true,
                    "minLength": 8,
                    "maxLength": 200,
                    "isRequired": true,
                    "displayLabel": "Secret Access Key",
                    "helpText": "Add Secret Access Key"
                }
            }
        }
    },
    "perf6": {
        "providerType": "perf6",
        "displayName": "perf6",
        "iconImage": "path of icon for this provider",
        "canSupportSubAccounts": true,
        "canDiscoverSubAccounts": false,
        "canDetachSubAccounts": false,
        "canDoTestConnection": true,
        "version": 1,
        "accountMetadata": {},
        "credentialMetadata": {
            "costIngestion": {
                "accessKey": {
                    "type": "password",
                    "canUpdate": true,
                    "minLength": 5,
                    "maxLength": 200,
                    "isRequired": true,
                    "displayLabel": "Access Key ID",
                    "helpText": "Enter Access Key ID"
                },
                "secretKey": {
                    "type": "password",
                    "canUpdate": true,
                    "minLength": 5,
                    "maxLength": 200,
                    "isRequired": true,
                    "displayLabel": "Secret Access Key",
                    "helpText": "Enter Secret Access Key"
                }
            },
            "provisioning": {
                "accessKey": {
                    "type": "password",
                    "canUpdate": true,
                    "minLength": 8,
                    "maxLength": 200,
                    "isRequired": true,
                    "displayLabel": "AccessKey ID",
                    "helpText": "Add Access Key ID"
                },
                "secretKey": {
                    "type": "password",
                    "canUpdate": true,
                    "minLength": 8,
                    "maxLength": 200,
                    "isRequired": true,
                    "displayLabel": "Secret Access Key",
                    "helpText": "Add Secret Access Key"
                }
            },
            "assetIngestion": {
                "accessKey": {
                    "type": "password",
                    "canUpdate": true,
                    "minLength": 8,
                    "maxLength": 200,
                    "isRequired": true,
                    "displayLabel": "AccessKey ID",
                    "helpText": "Add Access Key ID"
                },
                "secretKey": {
                    "type": "password",
                    "canUpdate": true,
                    "minLength": 8,
                    "maxLength": 200,
                    "isRequired": true,
                    "displayLabel": "Secret Access Key",
                    "helpText": "Add Secret Access Key"
                }
            }
        }
    },
    "perf7": {
        "providerType": "perf7",
        "displayName": "perf7",
        "iconImage": "path of icon for this provider",
        "canSupportSubAccounts": true,
        "canDiscoverSubAccounts": false,
        "canDetachSubAccounts": false,
        "canDoTestConnection": true,
        "version": 1,
        "accountMetadata": {},
        "credentialMetadata": {
            "costIngestion": {
                "accessKey": {
                    "type": "password",
                    "canUpdate": true,
                    "minLength": 5,
                    "maxLength": 200,
                    "isRequired": true,
                    "displayLabel": "Access Key ID",
                    "helpText": "Enter Access Key ID"
                },
                "secretKey": {
                    "type": "password",
                    "canUpdate": true,
                    "minLength": 5,
                    "maxLength": 200,
                    "isRequired": true,
                    "displayLabel": "Secret Access Key",
                    "helpText": "Enter Secret Access Key"
                }
            },
            "provisioning": {
                "accessKey": {
                    "type": "password",
                    "canUpdate": true,
                    "minLength": 8,
                    "maxLength": 200,
                    "isRequired": true,
                    "displayLabel": "AccessKey ID",
                    "helpText": "Add Access Key ID"
                },
                "secretKey": {
                    "type": "password",
                    "canUpdate": true,
                    "minLength": 8,
                    "maxLength": 200,
                    "isRequired": true,
                    "displayLabel": "Secret Access Key",
                    "helpText": "Add Secret Access Key"
                }
            },
            "assetIngestion": {
                "accessKey": {
                    "type": "password",
                    "canUpdate": true,
                    "minLength": 8,
                    "maxLength": 200,
                    "isRequired": true,
                    "displayLabel": "AccessKey ID",
                    "helpText": "Add Access Key ID"
                },
                "secretKey": {
                    "type": "password",
                    "canUpdate": true,
                    "minLength": 8,
                    "maxLength": 200,
                    "isRequired": true,
                    "displayLabel": "Secret Access Key",
                    "helpText": "Add Secret Access Key"
                }
            }
        }
    },
    "perf8": {
        "providerType": "perf8",
        "displayName": "perf8",
        "iconImage": "path of icon for this provider",
        "canSupportSubAccounts": true,
        "canDiscoverSubAccounts": false,
        "canDetachSubAccounts": false,
        "canDoTestConnection": true,
        "version": 1,
        "accountMetadata": {},
        "credentialMetadata": {
            "costIngestion": {
                "accessKey": {
                    "type": "password",
                    "canUpdate": true,
                    "minLength": 5,
                    "maxLength": 200,
                    "isRequired": true,
                    "displayLabel": "Access Key ID",
                    "helpText": "Enter Access Key ID"
                },
                "secretKey": {
                    "type": "password",
                    "canUpdate": true,
                    "minLength": 5,
                    "maxLength": 200,
                    "isRequired": true,
                    "displayLabel": "Secret Access Key",
                    "helpText": "Enter Secret Access Key"
                }
            },
            "provisioning": {
                "accessKey": {
                    "type": "password",
                    "canUpdate": true,
                    "minLength": 8,
                    "maxLength": 200,
                    "isRequired": true,
                    "displayLabel": "AccessKey ID",
                    "helpText": "Add Access Key ID"
                },
                "secretKey": {
                    "type": "password",
                    "canUpdate": true,
                    "minLength": 8,
                    "maxLength": 200,
                    "isRequired": true,
                    "displayLabel": "Secret Access Key",
                    "helpText": "Add Secret Access Key"
                }
            },
            "assetIngestion": {
                "accessKey": {
                    "type": "password",
                    "canUpdate": true,
                    "minLength": 8,
                    "maxLength": 200,
                    "isRequired": true,
                    "displayLabel": "AccessKey ID",
                    "helpText": "Add Access Key ID"
                },
                "secretKey": {
                    "type": "password",
                    "canUpdate": true,
                    "minLength": 8,
                    "maxLength": 200,
                    "isRequired": true,
                    "displayLabel": "Secret Access Key",
                    "helpText": "Add Secret Access Key"
                }
            }
        }
    },
    "perf9": {
        "providerType": "perf9",
        "displayName": "perf9",
        "iconImage": "path of icon for this provider",
        "canSupportSubAccounts": true,
        "canDiscoverSubAccounts": false,
        "canDetachSubAccounts": false,
        "canDoTestConnection": true,
        "version": 1,
        "accountMetadata": {},
        "credentialMetadata": {
            "costIngestion": {
                "accessKey": {
                    "type": "password",
                    "canUpdate": true,
                    "minLength": 5,
                    "maxLength": 200,
                    "isRequired": true,
                    "displayLabel": "Access Key ID",
                    "helpText": "Enter Access Key ID"
                },
                "secretKey": {
                    "type": "password",
                    "canUpdate": true,
                    "minLength": 5,
                    "maxLength": 200,
                    "isRequired": true,
                    "displayLabel": "Secret Access Key",
                    "helpText": "Enter Secret Access Key"
                }
            },
            "provisioning": {
                "accessKey": {
                    "type": "password",
                    "canUpdate": true,
                    "minLength": 8,
                    "maxLength": 200,
                    "isRequired": true,
                    "displayLabel": "AccessKey ID",
                    "helpText": "Add Access Key ID"
                },
                "secretKey": {
                    "type": "password",
                    "canUpdate": true,
                    "minLength": 8,
                    "maxLength": 200,
                    "isRequired": true,
                    "displayLabel": "Secret Access Key",
                    "helpText": "Add Secret Access Key"
                }
            },
            "assetIngestion": {
                "accessKey": {
                    "type": "password",
                    "canUpdate": true,
                    "minLength": 8,
                    "maxLength": 200,
                    "isRequired": true,
                    "displayLabel": "AccessKey ID",
                    "helpText": "Add Access Key ID"
                },
                "secretKey": {
                    "type": "password",
                    "canUpdate": true,
                    "minLength": 8,
                    "maxLength": 200,
                    "isRequired": true,
                    "displayLabel": "Secret Access Key",
                    "helpText": "Add Secret Access Key"
                }
            }
        }
    },
    "perf10": {
        "providerType": "perf10",
        "displayName": "perf10",
        "iconImage": "path of icon for this provider",
        "canSupportSubAccounts": true,
        "canDiscoverSubAccounts": false,
        "canDetachSubAccounts": false,
        "canDoTestConnection": true,
        "version": 1,
        "accountMetadata": {},
        "credentialMetadata": {
            "costIngestion": {
                "accessKey": {
                    "type": "password",
                    "canUpdate": true,
                    "minLength": 5,
                    "maxLength": 200,
                    "isRequired": true,
                    "displayLabel": "Access Key ID",
                    "helpText": "Enter Access Key ID"
                },
                "secretKey": {
                    "type": "password",
                    "canUpdate": true,
                    "minLength": 5,
                    "maxLength": 200,
                    "isRequired": true,
                    "displayLabel": "Secret Access Key",
                    "helpText": "Enter Secret Access Key"
                }
            },
            "provisioning": {
                "accessKey": {
                    "type": "password",
                    "canUpdate": true,
                    "minLength": 8,
                    "maxLength": 200,
                    "isRequired": true,
                    "displayLabel": "AccessKey ID",
                    "helpText": "Add Access Key ID"
                },
                "secretKey": {
                    "type": "password",
                    "canUpdate": true,
                    "minLength": 8,
                    "maxLength": 200,
                    "isRequired": true,
                    "displayLabel": "Secret Access Key",
                    "helpText": "Add Secret Access Key"
                }
            },
            "assetIngestion": {
                "accessKey": {
                    "type": "password",
                    "canUpdate": true,
                    "minLength": 8,
                    "maxLength": 200,
                    "isRequired": true,
                    "displayLabel": "AccessKey ID",
                    "helpText": "Add Access Key ID"
                },
                "secretKey": {
                    "type": "password",
                    "canUpdate": true,
                    "minLength": 8,
                    "maxLength": 200,
                    "isRequired": true,
                    "displayLabel": "Secret Access Key",
                    "helpText": "Add Secret Access Key"
                }
            }
        }
    },
    "perf11": {
        "providerType": "perf11",
        "displayName": "perf11",
        "iconImage": "path of icon for this provider",
        "canSupportSubAccounts": true,
        "canDiscoverSubAccounts": false,
        "canDetachSubAccounts": false,
        "canDoTestConnection": true,
        "version": 1,
        "accountMetadata": {},
        "credentialMetadata": {
            "costIngestion": {
                "accessKey": {
                    "type": "password",
                    "canUpdate": true,
                    "minLength": 5,
                    "maxLength": 200,
                    "isRequired": true,
                    "displayLabel": "Access Key ID",
                    "helpText": "Enter Access Key ID"
                },
                "secretKey": {
                    "type": "password",
                    "canUpdate": true,
                    "minLength": 5,
                    "maxLength": 200,
                    "isRequired": true,
                    "displayLabel": "Secret Access Key",
                    "helpText": "Enter Secret Access Key"
                }
            },
            "provisioning": {
                "accessKey": {
                    "type": "password",
                    "canUpdate": true,
                    "minLength": 8,
                    "maxLength": 200,
                    "isRequired": true,
                    "displayLabel": "AccessKey ID",
                    "helpText": "Add Access Key ID"
                },
                "secretKey": {
                    "type": "password",
                    "canUpdate": true,
                    "minLength": 8,
                    "maxLength": 200,
                    "isRequired": true,
                    "displayLabel": "Secret Access Key",
                    "helpText": "Add Secret Access Key"
                }
            },
            "assetIngestion": {
                "accessKey": {
                    "type": "password",
                    "canUpdate": true,
                    "minLength": 8,
                    "maxLength": 200,
                    "isRequired": true,
                    "displayLabel": "AccessKey ID",
                    "helpText": "Add Access Key ID"
                },
                "secretKey": {
                    "type": "password",
                    "canUpdate": true,
                    "minLength": 8,
                    "maxLength": 200,
                    "isRequired": true,
                    "displayLabel": "Secret Access Key",
                    "helpText": "Add Secret Access Key"
                }
            }
        }
    },
    "perf12": {
        "providerType": "perf12",
        "displayName": "perf12",
        "iconImage": "path of icon for this provider",
        "canSupportSubAccounts": true,
        "canDiscoverSubAccounts": false,
        "canDetachSubAccounts": false,
        "canDoTestConnection": true,
        "version": 1,
        "accountMetadata": {},
        "credentialMetadata": {
            "costIngestion": {
                "accessKey": {
                    "type": "password",
                    "canUpdate": true,
                    "minLength": 5,
                    "maxLength": 200,
                    "isRequired": true,
                    "displayLabel": "Access Key ID",
                    "helpText": "Enter Access Key ID"
                },
                "secretKey": {
                    "type": "password",
                    "canUpdate": true,
                    "minLength": 5,
                    "maxLength": 200,
                    "isRequired": true,
                    "displayLabel": "Secret Access Key",
                    "helpText": "Enter Secret Access Key"
                }
            },
            "provisioning": {
                "accessKey": {
                    "type": "password",
                    "canUpdate": true,
                    "minLength": 8,
                    "maxLength": 200,
                    "isRequired": true,
                    "displayLabel": "AccessKey ID",
                    "helpText": "Add Access Key ID"
                },
                "secretKey": {
                    "type": "password",
                    "canUpdate": true,
                    "minLength": 8,
                    "maxLength": 200,
                    "isRequired": true,
                    "displayLabel": "Secret Access Key",
                    "helpText": "Add Secret Access Key"
                }
            },
            "assetIngestion": {
                "accessKey": {
                    "type": "password",
                    "canUpdate": true,
                    "minLength": 8,
                    "maxLength": 200,
                    "isRequired": true,
                    "displayLabel": "AccessKey ID",
                    "helpText": "Add Access Key ID"
                },
                "secretKey": {
                    "type": "password",
                    "canUpdate": true,
                    "minLength": 8,
                    "maxLength": 200,
                    "isRequired": true,
                    "displayLabel": "Secret Access Key",
                    "helpText": "Add Secret Access Key"
                }
            }
        }
    },
    "perf13": {
        "providerType": "perf13",
        "displayName": "perf13",
        "iconImage": "path of icon for this provider",
        "canSupportSubAccounts": true,
        "canDiscoverSubAccounts": false,
        "canDetachSubAccounts": false,
        "canDoTestConnection": true,
        "version": 1,
        "accountMetadata": {},
        "credentialMetadata": {
            "costIngestion": {
                "accessKey": {
                    "type": "password",
                    "canUpdate": true,
                    "minLength": 5,
                    "maxLength": 200,
                    "isRequired": true,
                    "displayLabel": "Access Key ID",
                    "helpText": "Enter Access Key ID"
                },
                "secretKey": {
                    "type": "password",
                    "canUpdate": true,
                    "minLength": 5,
                    "maxLength": 200,
                    "isRequired": true,
                    "displayLabel": "Secret Access Key",
                    "helpText": "Enter Secret Access Key"
                }
            },
            "provisioning": {
                "accessKey": {
                    "type": "password",
                    "canUpdate": true,
                    "minLength": 8,
                    "maxLength": 200,
                    "isRequired": true,
                    "displayLabel": "AccessKey ID",
                    "helpText": "Add Access Key ID"
                },
                "secretKey": {
                    "type": "password",
                    "canUpdate": true,
                    "minLength": 8,
                    "maxLength": 200,
                    "isRequired": true,
                    "displayLabel": "Secret Access Key",
                    "helpText": "Add Secret Access Key"
                }
            },
            "assetIngestion": {
                "accessKey": {
                    "type": "password",
                    "canUpdate": true,
                    "minLength": 8,
                    "maxLength": 200,
                    "isRequired": true,
                    "displayLabel": "AccessKey ID",
                    "helpText": "Add Access Key ID"
                },
                "secretKey": {
                    "type": "password",
                    "canUpdate": true,
                    "minLength": 8,
                    "maxLength": 200,
                    "isRequired": true,
                    "displayLabel": "Secret Access Key",
                    "helpText": "Add Secret Access Key"
                }
            }
        }
    },
    "perf14": {
        "providerType": "perf14",
        "displayName": "perf14",
        "iconImage": "path of icon for this provider",
        "canSupportSubAccounts": true,
        "canDiscoverSubAccounts": false,
        "canDetachSubAccounts": false,
        "canDoTestConnection": true,
        "version": 1,
        "accountMetadata": {},
        "credentialMetadata": {
            "costIngestion": {
                "accessKey": {
                    "type": "password",
                    "canUpdate": true,
                    "minLength": 5,
                    "maxLength": 200,
                    "isRequired": true,
                    "displayLabel": "Access Key ID",
                    "helpText": "Enter Access Key ID"
                },
                "secretKey": {
                    "type": "password",
                    "canUpdate": true,
                    "minLength": 5,
                    "maxLength": 200,
                    "isRequired": true,
                    "displayLabel": "Secret Access Key",
                    "helpText": "Enter Secret Access Key"
                }
            },
            "provisioning": {
                "accessKey": {
                    "type": "password",
                    "canUpdate": true,
                    "minLength": 8,
                    "maxLength": 200,
                    "isRequired": true,
                    "displayLabel": "AccessKey ID",
                    "helpText": "Add Access Key ID"
                },
                "secretKey": {
                    "type": "password",
                    "canUpdate": true,
                    "minLength": 8,
                    "maxLength": 200,
                    "isRequired": true,
                    "displayLabel": "Secret Access Key",
                    "helpText": "Add Secret Access Key"
                }
            },
            "assetIngestion": {
                "accessKey": {
                    "type": "password",
                    "canUpdate": true,
                    "minLength": 8,
                    "maxLength": 200,
                    "isRequired": true,
                    "displayLabel": "AccessKey ID",
                    "helpText": "Add Access Key ID"
                },
                "secretKey": {
                    "type": "password",
                    "canUpdate": true,
                    "minLength": 8,
                    "maxLength": 200,
                    "isRequired": true,
                    "displayLabel": "Secret Access Key",
                    "helpText": "Add Secret Access Key"
                }
            }
        }
    },
    "perf15": {
        "providerType": "perf15",
        "displayName": "perf15",
        "iconImage": "path of icon for this provider",
        "canSupportSubAccounts": true,
        "canDiscoverSubAccounts": false,
        "canDetachSubAccounts": false,
        "canDoTestConnection": true,
        "version": 1,
        "accountMetadata": {},
        "credentialMetadata": {
            "costIngestion": {
                "accessKey": {
                    "type": "password",
                    "canUpdate": true,
                    "minLength": 5,
                    "maxLength": 200,
                    "isRequired": true,
                    "displayLabel": "Access Key ID",
                    "helpText": "Enter Access Key ID"
                },
                "secretKey": {
                    "type": "password",
                    "canUpdate": true,
                    "minLength": 5,
                    "maxLength": 200,
                    "isRequired": true,
                    "displayLabel": "Secret Access Key",
                    "helpText": "Enter Secret Access Key"
                }
            },
            "provisioning": {
                "accessKey": {
                    "type": "password",
                    "canUpdate": true,
                    "minLength": 8,
                    "maxLength": 200,
                    "isRequired": true,
                    "displayLabel": "AccessKey ID",
                    "helpText": "Add Access Key ID"
                },
                "secretKey": {
                    "type": "password",
                    "canUpdate": true,
                    "minLength": 8,
                    "maxLength": 200,
                    "isRequired": true,
                    "displayLabel": "Secret Access Key",
                    "helpText": "Add Secret Access Key"
                }
            },
            "assetIngestion": {
                "accessKey": {
                    "type": "password",
                    "canUpdate": true,
                    "minLength": 8,
                    "maxLength": 200,
                    "isRequired": true,
                    "displayLabel": "AccessKey ID",
                    "helpText": "Add Access Key ID"
                },
                "secretKey": {
                    "type": "password",
                    "canUpdate": true,
                    "minLength": 8,
                    "maxLength": 200,
                    "isRequired": true,
                    "displayLabel": "Secret Access Key",
                    "helpText": "Add Secret Access Key"
                }
            }
        }
    },
    "perf16": {
        "providerType": "perf16",
        "displayName": "perf16",
        "iconImage": "path of icon for this provider",
        "canSupportSubAccounts": true,
        "canDiscoverSubAccounts": false,
        "canDetachSubAccounts": false,
        "canDoTestConnection": true,
        "version": 1,
        "accountMetadata": {},
        "credentialMetadata": {
            "costIngestion": {
                "accessKey": {
                    "type": "password",
                    "canUpdate": true,
                    "minLength": 5,
                    "maxLength": 200,
                    "isRequired": true,
                    "displayLabel": "Access Key ID",
                    "helpText": "Enter Access Key ID"
                },
                "secretKey": {
                    "type": "password",
                    "canUpdate": true,
                    "minLength": 5,
                    "maxLength": 200,
                    "isRequired": true,
                    "displayLabel": "Secret Access Key",
                    "helpText": "Enter Secret Access Key"
                }
            },
            "provisioning": {
                "accessKey": {
                    "type": "password",
                    "canUpdate": true,
                    "minLength": 8,
                    "maxLength": 200,
                    "isRequired": true,
                    "displayLabel": "AccessKey ID",
                    "helpText": "Add Access Key ID"
                },
                "secretKey": {
                    "type": "password",
                    "canUpdate": true,
                    "minLength": 8,
                    "maxLength": 200,
                    "isRequired": true,
                    "displayLabel": "Secret Access Key",
                    "helpText": "Add Secret Access Key"
                }
            },
            "assetIngestion": {
                "accessKey": {
                    "type": "password",
                    "canUpdate": true,
                    "minLength": 8,
                    "maxLength": 200,
                    "isRequired": true,
                    "displayLabel": "AccessKey ID",
                    "helpText": "Add Access Key ID"
                },
                "secretKey": {
                    "type": "password",
                    "canUpdate": true,
                    "minLength": 8,
                    "maxLength": 200,
                    "isRequired": true,
                    "displayLabel": "Secret Access Key",
                    "helpText": "Add Secret Access Key"
                }
            }
        }
    },
    "perf17": {
        "providerType": "perf17",
        "displayName": "perf17",
        "iconImage": "path of icon for this provider",
        "canSupportSubAccounts": true,
        "canDiscoverSubAccounts": false,
        "canDetachSubAccounts": false,
        "canDoTestConnection": true,
        "version": 1,
        "accountMetadata": {},
        "credentialMetadata": {
            "costIngestion": {
                "accessKey": {
                    "type": "password",
                    "canUpdate": true,
                    "minLength": 5,
                    "maxLength": 200,
                    "isRequired": true,
                    "displayLabel": "Access Key ID",
                    "helpText": "Enter Access Key ID"
                },
                "secretKey": {
                    "type": "password",
                    "canUpdate": true,
                    "minLength": 5,
                    "maxLength": 200,
                    "isRequired": true,
                    "displayLabel": "Secret Access Key",
                    "helpText": "Enter Secret Access Key"
                }
            },
            "provisioning": {
                "accessKey": {
                    "type": "password",
                    "canUpdate": true,
                    "minLength": 8,
                    "maxLength": 200,
                    "isRequired": true,
                    "displayLabel": "AccessKey ID",
                    "helpText": "Add Access Key ID"
                },
                "secretKey": {
                    "type": "password",
                    "canUpdate": true,
                    "minLength": 8,
                    "maxLength": 200,
                    "isRequired": true,
                    "displayLabel": "Secret Access Key",
                    "helpText": "Add Secret Access Key"
                }
            },
            "assetIngestion": {
                "accessKey": {
                    "type": "password",
                    "canUpdate": true,
                    "minLength": 8,
                    "maxLength": 200,
                    "isRequired": true,
                    "displayLabel": "AccessKey ID",
                    "helpText": "Add Access Key ID"
                },
                "secretKey": {
                    "type": "password",
                    "canUpdate": true,
                    "minLength": 8,
                    "maxLength": 200,
                    "isRequired": true,
                    "displayLabel": "Secret Access Key",
                    "helpText": "Add Secret Access Key"
                }
            }
        }
    },
    "perf18": {
        "providerType": "perf18",
        "displayName": "perf18",
        "iconImage": "path of icon for this provider",
        "canSupportSubAccounts": true,
        "canDiscoverSubAccounts": false,
        "canDetachSubAccounts": false,
        "canDoTestConnection": true,
        "version": 1,
        "accountMetadata": {},
        "credentialMetadata": {
            "costIngestion": {
                "accessKey": {
                    "type": "password",
                    "canUpdate": true,
                    "minLength": 5,
                    "maxLength": 200,
                    "isRequired": true,
                    "displayLabel": "Access Key ID",
                    "helpText": "Enter Access Key ID"
                },
                "secretKey": {
                    "type": "password",
                    "canUpdate": true,
                    "minLength": 5,
                    "maxLength": 200,
                    "isRequired": true,
                    "displayLabel": "Secret Access Key",
                    "helpText": "Enter Secret Access Key"
                }
            },
            "provisioning": {
                "accessKey": {
                    "type": "password",
                    "canUpdate": true,
                    "minLength": 8,
                    "maxLength": 200,
                    "isRequired": true,
                    "displayLabel": "AccessKey ID",
                    "helpText": "Add Access Key ID"
                },
                "secretKey": {
                    "type": "password",
                    "canUpdate": true,
                    "minLength": 8,
                    "maxLength": 200,
                    "isRequired": true,
                    "displayLabel": "Secret Access Key",
                    "helpText": "Add Secret Access Key"
                }
            },
            "assetIngestion": {
                "accessKey": {
                    "type": "password",
                    "canUpdate": true,
                    "minLength": 8,
                    "maxLength": 200,
                    "isRequired": true,
                    "displayLabel": "AccessKey ID",
                    "helpText": "Add Access Key ID"
                },
                "secretKey": {
                    "type": "password",
                    "canUpdate": true,
                    "minLength": 8,
                    "maxLength": 200,
                    "isRequired": true,
                    "displayLabel": "Secret Access Key",
                    "helpText": "Add Secret Access Key"
                }
            }
        }
    },
    "perf19": {
        "providerType": "perf19",
        "displayName": "perf19",
        "iconImage": "path of icon for this provider",
        "canSupportSubAccounts": true,
        "canDiscoverSubAccounts": false,
        "canDetachSubAccounts": false,
        "canDoTestConnection": true,
        "version": 1,
        "accountMetadata": {},
        "credentialMetadata": {
            "costIngestion": {
                "accessKey": {
                    "type": "password",
                    "canUpdate": true,
                    "minLength": 5,
                    "maxLength": 200,
                    "isRequired": true,
                    "displayLabel": "Access Key ID",
                    "helpText": "Enter Access Key ID"
                },
                "secretKey": {
                    "type": "password",
                    "canUpdate": true,
                    "minLength": 5,
                    "maxLength": 200,
                    "isRequired": true,
                    "displayLabel": "Secret Access Key",
                    "helpText": "Enter Secret Access Key"
                }
            },
            "provisioning": {
                "accessKey": {
                    "type": "password",
                    "canUpdate": true,
                    "minLength": 8,
                    "maxLength": 200,
                    "isRequired": true,
                    "displayLabel": "AccessKey ID",
                    "helpText": "Add Access Key ID"
                },
                "secretKey": {
                    "type": "password",
                    "canUpdate": true,
                    "minLength": 8,
                    "maxLength": 200,
                    "isRequired": true,
                    "displayLabel": "Secret Access Key",
                    "helpText": "Add Secret Access Key"
                }
            },
            "assetIngestion": {
                "accessKey": {
                    "type": "password",
                    "canUpdate": true,
                    "minLength": 8,
                    "maxLength": 200,
                    "isRequired": true,
                    "displayLabel": "AccessKey ID",
                    "helpText": "Add Access Key ID"
                },
                "secretKey": {
                    "type": "password",
                    "canUpdate": true,
                    "minLength": 8,
                    "maxLength": 200,
                    "isRequired": true,
                    "displayLabel": "Secret Access Key",
                    "helpText": "Add Secret Access Key"
                }
            }
        }
    },
    "perf20": {
        "providerType": "perf20",
        "displayName": "perf20",
        "iconImage": "path of icon for this provider",
        "canSupportSubAccounts": true,
        "canDiscoverSubAccounts": false,
        "canDetachSubAccounts": false,
        "canDoTestConnection": true,
        "version": 1,
        "accountMetadata": {},
        "credentialMetadata": {
            "costIngestion": {
                "accessKey": {
                    "type": "password",
                    "canUpdate": true,
                    "minLength": 5,
                    "maxLength": 200,
                    "isRequired": true,
                    "displayLabel": "Access Key ID",
                    "helpText": "Enter Access Key ID"
                },
                "secretKey": {
                    "type": "password",
                    "canUpdate": true,
                    "minLength": 5,
                    "maxLength": 200,
                    "isRequired": true,
                    "displayLabel": "Secret Access Key",
                    "helpText": "Enter Secret Access Key"
                }
            },
            "provisioning": {
                "accessKey": {
                    "type": "password",
                    "canUpdate": true,
                    "minLength": 8,
                    "maxLength": 200,
                    "isRequired": true,
                    "displayLabel": "AccessKey ID",
                    "helpText": "Add Access Key ID"
                },
                "secretKey": {
                    "type": "password",
                    "canUpdate": true,
                    "minLength": 8,
                    "maxLength": 200,
                    "isRequired": true,
                    "displayLabel": "Secret Access Key",
                    "helpText": "Add Secret Access Key"
                }
            },
            "assetIngestion": {
                "accessKey": {
                    "type": "password",
                    "canUpdate": true,
                    "minLength": 8,
                    "maxLength": 200,
                    "isRequired": true,
                    "displayLabel": "AccessKey ID",
                    "helpText": "Add Access Key ID"
                },
                "secretKey": {
                    "type": "password",
                    "canUpdate": true,
                    "minLength": 8,
                    "maxLength": 200,
                    "isRequired": true,
                    "displayLabel": "Secret Access Key",
                    "helpText": "Add Secret Access Key"
                }
            }
        }
    }
}