[
    {
        "id": "BU_1",
        "name": "BU_1",
        "context": {
            "org": "ist_performance",
            "team": "e2eistperf_cam_admn"
        },
        "term": "Annual",
        "budgets": [
            {
                "name": "BU_1",
                "soft_threshold": {
                    "type": "Actual",
                    "amount": 50000000
                },
                "hard_threshold": {
                    "type": "Actual",
                    "amount": 60000000
                },
                "amount": 70000000,
                "start_period": null,
                "end_period": null
            }
        ]
    }
]