{
    "aws": [
        {
            "master_name": "",
            "master_ref_id": null,
            "advanced_info": {
                "accountNumber": "$config.accountNumberMaster",
                "report_path": "$config",
                "s3Bucket": "$config"
            },
            "credential_accounts": [],
            "assets": [
                {
                    "asset_ref_id": null,
                    "asset_name": "e2eistcd_aws_753022563888",
                    "advanced_info": {
                        "accountNumber": "$config.accountNumberAsset"
                    },
                    "credential_accounts": [
                        {
                            "name": "e2eistcd_buyer_aws",
                            "credential_ref_id": null,
                            "purpose": [
                                "provisioning",
                                "assetIngestion"
                            ],
                            "password_fields": {
                                "accessKey": "$config",
                                "secretKey": "$config"
                            },
                            "context": {
                                "team": [
                                    "e2eistcd_buyer",
                                    "e2eistcd_it_ops_manager",
                                    "e2eistcd_operator"
                                ]
                            }
                        }
                    ]
                }
            ]
        }
    ],
    "azure": [
        {
            "master_name": "e2eistcd_azure_master",
            "master_ref_id": null,
            "advanced_info": {
                "ea_account_id": "$config"
            },
            "credential_accounts": [],
            "assets": [
                {
                    "asset_ref_id": null,
                    "asset_name": "e2eistcd_azure_311be5cb-fde0-4f94-887f-1f88c116dc45",
                    "advanced_info": {
                        "subscriptionID": "$config",
                        "tenantID": "$config",
                        "offerID": "$config"
                    },
                    "credential_accounts": [
                        {
                            "name": "e2eistcd_buyer_azure",
                            "credential_ref_id": null,
                            "purpose": [
                                "provisioning",
                                "assetIngestion"
                            ],
                            "password_fields": {
                                "clientId": "$config",
                                "secret": "$config",
                                "appId": null,
                                "cspKey": null,
                                "domain": null
                            },
                            "context": {
                                "team": [
                                    "e2eistcd_buyer",
                                    "e2eistcd_it_ops_manager",
                                    "e2eistcd_operator"
                                ]
                            }
                        }
                    ]
                }
            ]
        }
    ],
    "ibmcloud": [
        {
            "master_name": "",
            "master_ref_id": null,
            "advanced_info": {
                "accountNumber": "$config"
            },
            "credential_accounts": [],
            "assets": [
                {
                    "asset_ref_id": null,
                    "asset_name": "e2eistcd_ibmcloud_1521909",
                    "advanced_info": {
                        "accountNumber": "$config"
                    },
                    "credential_accounts": [
                        {
                            "name": "e2eistcd_buyer_ibmcloud",
                            "credential_ref_id": null,
                            "purpose": [
                                "provisioning",
                                "assetIngestion"
                            ],
                            "password_fields": {
                                "username": "$config",
                                "apiKey": "$config",
                                "bxapiKey": "$config"
                            },
                            "context": {
                                "team": [
                                    "e2eistcd_buyer",
                                    "e2eistcd_it_ops_manager"
                                ]
                            }
                        }
                    ]
                }
            ]
        }
    ],
    "gcp": [
        {

            "master_name": "",
            "master_ref_id": null,
            "advanced_info": {
                "projectName": "$config",
                "projectId": "$config",
                "serviceAccountName": "$config",
                "bucket": "$config",
                "billing_report_prefix": "$config",
                "account_number": "$config"
            },
            "credential_accounts": [],
            "assets": [
                {
                    "asset_ref_id": null,
                    "asset_name": "e2eistcd_gcp_asset",
                    "advanced_info": {
                        "projectName": "$config",
                        "projectId": "$config",
                        "serviceAccountName": "$config",
                        "bucket": "$config",
                        "usage_report_prefix": "$config"
                    },
                    "credential_accounts": [
                        {
                            "name": "e2eistcd_buyer_gcp",
                            "credential_ref_id": null,
                            "purpose": [
                                "provisioning",
                                "assetIngestion"
                            ],
                            "password_fields": {
                                "serviceKey": "$config"
                            },
                            "context": {
                                "team": [
                                    "e2eistcd_buyer"
                                ]
                            }
                        }
                    ]
                }
            ]
        }
    ],
    "aws-perftest": [
        {
            "master_name": "aws-perftest",
            "master_ref_id": null,
            "advanced_info": {},
            "credential_accounts": [],
            "assets": []
        }
    ],
    "azure-perftest": [
        {
            "master_name": "azure-perftest",
            "master_ref_id": null,
            "advanced_info": {},
            "credential_accounts": [],
            "assets": []
        }
    ],
    "gcp-perftest": [
        {
            "master_name": "gcp-perftest",
            "master_ref_id": null,
            "advanced_info": {},
            "credential_accounts": [],
            "assets": []
        }
    ],
    "ibmcloud-perftest": [
        {
            "master_name": "ibmcloud-perftest",
            "master_ref_id": null,
            "advanced_info": {},
            "credential_accounts": [],
            "assets": []
        }
    ],
    "newcloud-perftest": [
        {
            "master_name": "newcloud-perftest",
            "master_ref_id": null,
            "advanced_info": {},
            "credential_accounts": [],
            "assets": []
        }
    ]    
}