
{
    "name": "setup_admin_team",
    "id": "setup_admin_team",
    "organization": "ist_api",
    "roles": [
        {
            "name": "System Admin",
            "contexts": [
                {
                    "org": [
                        "org_all"
                    ]
                }
            ]
        },
        {
            "name": "Team Setup Admin",
            "contexts": [
                {
                    "org": [
                        "ist_api"
                    ]
                }
            ]
        },
        {
            "name": "Audit Admin",
            "contexts": [
                {
                    "org": [
                        "org_all"
                    ]
                }
            ]
        },
        {
            "name": "Audit Viewer",
            "contexts": [
                {
                    "org": [
                        "org_all"
                    ]
                }
            ]
        },
        {
            "name": "Catalog Administrator",
            "contexts": [
                {
                    "org": [
                        "org_all"
                    ]
                }
            ]
        },
        {
            "name": "Budget Administrator",
            "contexts": [
                {
                    "org": [
                        "org_all"
                    ]
                }
            ]
        },
        {
            "name": "Policy Administrator",
            "contexts": [
                {
                    "org": [
                        "org_all"
                    ]
                }
            ]
        },
        {
            "name": "CAM Admin",
            "contexts": [
                {
                    "org": [
                        "org_all"
                    ]
                }
            ]
        }
    ]
   
}