[
    {
        "__id__": "admin",
        "id": "e2esvtapi+admin@gmail.com",
        "password": "gAAAAABdAmWzDFfNOST_dUBGQlXX5BTPJIqcR79sXFbnuQHVNYyQVxzUHwGiqSqnvns4_7UepfKUYCiaaI_XroBgBl-UTzADqg==",
        "api_key": null,
        "first_name": "admin",
        "middle_name": "etwoe",
        "last_name": "gmail",
        "emails": [
            "e2esvtapi+admin@gmail.com"
        ]
    },
    {
        "__id__": "it_ops_manager",
        "id": "e2esvtapi+ops_manager@gmail.com",
        "password": "gAAAAABdAmWz5kNpR-YlAVhp5uTum-gvslk47uSWHRqA05m1U47UHvB7LSWOlWvyDLtghgb5mBkZwVW1qLksLLOPq5Qf3HU3Eg==",
        "api_key": null,
        "first_name": "it_ops_manager",
        "middle_name": "etwoe",
        "last_name": "gmail",
        "emails": [
            "e2esvtapi+ops_manager@gmail.com"
        ]
    },
    {
        "__id__": "buyer",
        "id": "e2esvtapi+buyer@gmail.com",
        "password": "gAAAAABdAmWz5kNpR-YlAVhp5uTum-gvslk47uSWHRqA05m1U47UHvB7LSWOlWvyDLtghgb5mBkZwVW1qLksLLOPq5Qf3HU3Eg==",
        "api_key": null,
        "first_name": "buyer",
        "middle_name": "etwoe",
        "last_name": "gmail",
        "emails": [
            "e2esvtapi+buyer@gmail.com"
        ]
    },
    {
        "__id__": "techapprover",
        "id": "e2esvtapi+techapprover@gmail.com",
        "password": "gAAAAABdAmWzv36lNtxOMJNDlxr6clK2KVlqiUrmsuVBQvywCkA4elIC7nXKziju-S_ona3ZMyBjGLZPoOvoyP1WJtWusVYGfw==",
        "api_key": null,
        "first_name": "technicalapprover",
        "middle_name": "etwoe",
        "last_name": "gmail",
        "emails": [
            "e2esvtapi+techapprover@gmail.com"
        ]
    },
    {
        "__id__": "finapprover",
        "id": "e2esvtapi+finapprover@gmail.com",
        "password": "gAAAAABdAmWzuTh3HoEWyKdMr-x5ao3FnPFh_r5fH3Nyirne7ls0PwwAVBqn3yZ9M1z8BK2rPHKLomEjonAZVDfl8JiGqXNXEw==",
        "api_key": null,
        "first_name": "financialapprover",
        "middle_name": "etwoe",
        "last_name": "gmail",
        "emails": [
            "e2esvtapi+finapprover@gmail.com"
        ]
    },
    {
        "__id__": "admin",
        "id": "e2esvtperf+admin@gmail.com",
        "password": "gAAAAABftuf8Wt47Kw6JonFpgHXRtXQOpvXqi4wBh50CkbufAedJZyuRwe9UzAB-qTzwYZBFXwVx8l398qARYOpeSoV78y4x-Q==",
        "api_key": null,
        "first_name": "e2esvtperf",
        "middle_name": "",
        "last_name": "admin",
        "user_id": null,
        "bearer_token": null,
        "emails": [
            "e2esvtperf+admin@gmail.com"
        ]
    },
    {
        "__id__": "buyer",
        "id": "e2esvtperf+buyer@gmail.com",
        "password": "gAAAAABftuf8Wt47Kw6JonFpgHXRtXQOpvXqi4wBh50CkbufAedJZyuRwe9UzAB-qTzwYZBFXwVx8l398qARYOpeSoV78y4x-Q==",
        "api_key": null,
        "first_name": "e2esvtperf",
        "middle_name": "",
        "last_name": "buyer",
        "user_id": null,
        "bearer_token": null,
        "emails": [
            "e2esvtperf+buyer@gmail.com"
        ]
    },
    {
        "__id__": "buyer2",
        "id": "e2esvtperf+buyermanualappr@gmail.com",
        "password": "gAAAAABftuf8Wt47Kw6JonFpgHXRtXQOpvXqi4wBh50CkbufAedJZyuRwe9UzAB-qTzwYZBFXwVx8l398qARYOpeSoV78y4x-Q==",
        "api_key": null,
        "first_name": "e2esvtperf",
        "middle_name": "",
        "last_name": "buyermanualappr",
        "user_id": null,
        "bearer_token": null,
        "emails": [
            "e2esvtperf+buyermanualappr@gmail.com"
        ]
    },
    {
        "__id__": "operator",
        "id": "e2esvtperf+techmanualappr@gmail.com",
        "password": "gAAAAABftuf8Wt47Kw6JonFpgHXRtXQOpvXqi4wBh50CkbufAedJZyuRwe9UzAB-qTzwYZBFXwVx8l398qARYOpeSoV78y4x-Q==",
        "api_key": null,
        "first_name": "e2esvtperf",
        "middle_name": "",
        "last_name": "techmanualappr",
        "user_id": null,
        "bearer_token": null,
        "emails": [
            "e2esvtperf+techmanualappr@gmail.com"
        ]
    },
    {
        "__id__": "operator2",
        "id": "e2esvtperf+legalmanualappr@gmail.com",
        "password": "gAAAAABftuf8Wt47Kw6JonFpgHXRtXQOpvXqi4wBh50CkbufAedJZyuRwe9UzAB-qTzwYZBFXwVx8l398qARYOpeSoV78y4x-Q==",
        "api_key": null,
        "first_name": "e2esvtperf",
        "middle_name": "",
        "last_name": "legalmanualappr",
        "user_id": null,
        "bearer_token": null,
        "emails": [
            "e2esvtperf+legalmanualappr@gmail.com"
        ]
    },
    {
        "__id__": "techapprover",
        "id": "e2esvtperf+techapprover@gmail.com",
        "password": "gAAAAABftuf8Wt47Kw6JonFpgHXRtXQOpvXqi4wBh50CkbufAedJZyuRwe9UzAB-qTzwYZBFXwVx8l398qARYOpeSoV78y4x-Q==",
        "api_key": null,
        "first_name": "e2esvtperf",
        "middle_name": "",
        "last_name": "techapprover",
        "user_id": null,
        "bearer_token": null,
        "emails": [
            "e2esvtperf+techapprover@gmail.com"
        ]
    },
    {
        "__id__": "finapprover",
        "id": "e2esvtperf+finapprover1@gmail.com",
        "password": "gAAAAABftuf8Wt47Kw6JonFpgHXRtXQOpvXqi4wBh50CkbufAedJZyuRwe9UzAB-qTzwYZBFXwVx8l398qARYOpeSoV78y4x-Q==",
        "api_key": null,
        "first_name": "e2esvtperf",
        "middle_name": "",
        "last_name": "finapprover1",
        "user_id": null,
        "bearer_token": null,
        "emails": [
            "e2esvtperf+finapprover1@gmail.com"
        ]
    }
]
