[
    {
        "type_id": "int_e2esvtapi_type_id_1",
        "type_name": "int_e2esvtapi_type_name_1",
        "display_order": 5,
        "type_values": [
            {
                "id": "int_e2esvtapi_type_1_value_id_1",
                "name": "int_e2esvtapi_type_1_value_name_1"
            },
            {
                "id": "int_e2esvtapi_type_1_value_id_2",
                "name": "int_e2esvtapi_type_1_value_name_2"
            },
            {
                "id": "int_e2esvtapi_type_1_value_id_3",
                "name": "int_e2esvtapi_type_1_value_name_3"
            },
            {
                "id": "int_e2esvtapi_type_1_value_id_4",
                "name": "int_e2esvtapi_type_1_value_name_4"
            }
        ]
    },
    {
        "type_id": "int_e2esvtapi_type_id_2",
        "type_name": "int_e2esvtapi_type_name_2",
        "display_order": 4,
        "type_values": [
            {
                "id": "int_e2esvtapi_type_2_value_id_1",
                "name": "int_e2esvtapi_type_2_value_name_1"
            },
            {
                "id": "int_e2esvtapi_type_2_value_id_2",
                "name": "int_e2esvtapi_type_2_value_name_2"
            },
            {
                "id": "int_e2esvtapi_type_2_value_id_3",
                "name": "int_e2esvtapi_type_2_value_name_3"
            },
            {
                "id": "int_e2esvtapi_type_2_value_id_4",
                "name": "int_e2esvtapi_type_2_value_name_4"
            }
        ]
    },
    {
        "type_id": "int_e2esvtapi_type_id_3",
        "type_name": "int_e2esvtapi_type_name_3",
        "display_order": 3,
        "type_values": [
            {
                "id": "int_e2esvtapi_type_3_value_id_1",
                "name": "int_e2esvtapi_type_3_value_name_1"
            },
            {
                "id": "int_e2esvtapi_type_3_value_id_2",
                "name": "int_e2esvtapi_type_3_value_name_2"
            },
            {
                "id": "int_e2esvtapi_type_3_value_id_3",
                "name": "int_e2esvtapi_type_3_value_name_3"
            },
            {
                "id": "int_e2esvtapi_type_3_value_id_4",
                "name": "int_e2esvtapi_type_3_value_name_4"
            }
        ]
    },
    {
        "type_id": "int_e2esvtapi_type_id_4",
        "type_name": "int_e2esvtapi_type_name_4",
        "display_order": 2,
        "type_values": [
            {
                "id": "int_e2esvtapi_type_4_value_id_1",
                "name": "int_e2esvtapi_type_4_value_name_1"
            },
            {
                "id": "int_e2esvtapi_type_4_value_id_2",
                "name": "int_e2esvtapi_type_4_value_name_2"
            },
            {
                "id": "int_e2esvtapi_type_4_value_id_3",
                "name": "int_e2esvtapi_type_4_value_name_3"
            },
            {
                "id": "int_e2esvtapi_type_4_value_id_4",
                "name": "int_e2esvtapi_type_4_value_name_4"
            }
        ]
    }
]