{
    "name": "setup_admin_team",
    "id": "setup_admin_team",
    "organization": "svt_api",
    "roles": [
        {
            "name": "Audit Admin",
            "contexts": [
                {
                    "org": [
                        "org_all"
                    ]
                }
            ]
        },
        {
            "name": "Catalog Administrator",
            "contexts": [
                {
                    "org": [
                        "org_all"
                    ]
                }
            ]
        },
        {
            "name": "Budget Administrator",
            "contexts": [
                {
                    "org": [
                        "org_all"
                    ]
                }
            ]
        },
        {
            "name": "Buyer",
            "contexts": [
                {
                    "org": [
                        "svt_api"
                    ],
                    "team": [
                        "setup_admin_team"
                    ]
                }
            ]
        },
        {
            "name": "Policy Administrator",
            "contexts": [
                {
                    "org": [
                        "org_all"
                    ]
                }
            ]
        }
    ]
}
