[
    {
        "__id__": "admin",
        "id": "e2esvtapi_admin",
        "api_key": null,
        "roles": ["Audit Viewer"],
        "name": "e2esvtapi_admin"
    },
    {
        "__id__": "buyer",
        "id": "e2esvtapi_buyer",
        "api_key": null,
        "roles": ["Audit Viewer"],
        "name": "e2esvtapi_buyer"
    },
    {
        "__id__": "buyer1",
        "id": "e2esvtapi_buyer1",
        "api_key": null,
        "roles": ["Audit Viewer"],
        "name": "e2esvtapi_buyer1"
    },
    {
        "__id__": "techapprover",
        "id": "e2esvtapi_techapprover",
        "api_key": null,
        "roles": ["Audit Viewer"],
        "name": "e2esvtapi_techapprover"
    },
    {
        "__id__": "finapprover",
        "id": "e2esvtapi_finapprover",
        "api_key": null,
        "roles": ["Audit Viewer"],
        "name": "e2esvtapi_finapprover"
    },
    {
        "__id__": "finapprover1",
        "id": "e2esvtapi_finapprover1",
        "api_key": null,
        "roles": ["Audit Viewer"],
        "name": "e2esvtapi_finapprover1"
    },
    {
        "__id__": "finapprover2",
        "id": "e2esvtapi_finapprover2",
        "api_key": null,
        "roles": ["Audit Viewer"],
        "name": "e2esvtapi_finapprover2"
    },
    {
        "__id__": "purchaser",
        "id": "e2esvtapi_purchaser",
        "api_key": null,
        "roles": ["Audit Viewer"],
        "name": "e2esvtapi_purchaser"
    },
    {
        "__id__": "operator",
        "id": "e2esvtapi_operator",
        "api_key": null,
        "roles": ["Audit Viewer"],
        "name": "e2esvtapi_operator"
    },
    {
        "__id__": "floater1",
        "id": "e2esvtapi_floater1",
        "api_key": null,
        "roles": ["Audit Viewer"],
        "name": "e2esvtapi_floater1"
    },
    {
        "__id__": "floater2",
        "id": "e2esvtapi_floater2",
        "api_key": null,
        "roles": ["Audit Viewer"],
        "name": "e2esvtapi_floater2"
    },
    {
        "__id__": "floater3",
        "id": "e2esvtapi_floater3",
        "api_key": null,
        "roles": ["Audit Viewer"],
        "name": "e2esvtapi_floater3"
    },
    {
        "__id__": "floater4",
        "id": "e2esvtapi_floater4",
        "api_key": null,
        "roles": ["Audit Viewer"],
        "name": "e2esvtapi_floater4"
    },
    {
        "__id__": "floater5",
        "id": "e2esvtapi_floater5",
        "api_key": null,
        "roles": ["Audit Viewer"],
        "name": "e2esvtapi_floater5"
    },
    {
        "__id__": "floater6",
        "id": "e2esvtapi_floater6",
        "api_key": null,
        "roles": ["Audit Viewer"],
        "name": "e2esvtapi_floater6"
    },
    {
        "__id__": "floater7",
        "id": "e2esvtapi_floater7",
        "api_key": null,
        "roles": ["Audit Viewer"],
        "name": "e2esvtapi_floater7"
    }
]