[
    {
        "__id__": "admin",
        "name": "e2esvtapi_admin",
        "id": "e2esvtapi_admin",
        "organization": "svt_api",
        "roles": [
            {
                "name": "System Admin",
                "contexts": [
                    {
                        "org": [
                            "org_all"
                        ]
                    }
                ]
            },
            {
                "name": "Team Setup Admin",
                "contexts": [
                    {
                        "org": [
                            "svt_api"
                        ]
                    }
                ]
            },
            {
                "name": "Catalog Administrator",
                "contexts": [
                    {
                        "org": [
                            "org_all"
                        ]
                    }
                ]
            },
            {
                "name": "Budget Administrator",
                "contexts": [
                    {
                        "org": [
                            "org_all"
                        ]
                    }
                ]
            },
            {
                "name": "Policy Administrator",
                "contexts": [
                    {
                        "org": [
                            "org_all"
                        ]
                    }
                ]
            },
            {
                "name": "Audit Admin",
                "contexts": [
                    {
                        "org": [
                            "org_all"
                        ]
                    }
                ]
            },
            {
                "name": "Audit Viewer",
                "contexts": [
                    {
                        "org": [
                            "org_all"
                        ]
                    }
                ]
            }
        ],
        "users": [
            "e2esvtapi_admin"
        ]
    },
    {
        "__id__": "buyer",
        "name": "e2esvtapi_buyer",
        "id": "e2esvtapi_buyer",
        "organization": "svt_api",
        "roles": [
            {
                "name": "Buyer",
                "contexts": [
                    {
                        "org": [
                            "svt_api"
                        ],
                        "team": [
                            "e2esvtapi_buyer"
                        ],
                        "int_e2esvtapi_type_id_1": [
                            "int_e2esvtapi_type_1_value_id_1",
                            "int_e2esvtapi_type_1_value_id_3"
                        ],
                        "int_e2esvtapi_type_id_2": [
                            "int_e2esvtapi_type_2_value_id_2",
                            "int_e2esvtapi_type_2_value_id_4"
                        ]
                    }
                ]
            }
        ],
        "users": [
            "e2esvtapi_buyer",
            "e2esvtapi_admin"
        ]
    },
    {
        "__id__": "buyer1",
        "name": "e2esvtapi_buyer1",
        "id": "e2esvtapi_buyer1",
        "organization": "svt_api",
        "roles": [
            {
                "name": "Buyer",
                "contexts": [
                    {
                        "org": [
                            "svt_api"
                        ],
                        "team": [
                            "e2esvtapi_buyer1"
                        ],
                        "int_e2esvtapi_type_id_1": [
                            "int_e2esvtapi_type_1_value_id_1",
                            "int_e2esvtapi_type_1_value_id_3"
                        ],
                        "int_e2esvtapi_type_id_2": [
                            "int_e2esvtapi_type_2_value_id_2",
                            "int_e2esvtapi_type_2_value_id_4"
                        ]
                    }
                ]
            }
        ],
        "users": [
            "e2esvtapi_buyer1",
            "e2esvtapi_admin"
        ]
    },
    {
        "__id__": "purchaser",
        "name": "e2esvtapi_purchaser",
        "id": "e2esvtapi_purchaser",
        "organization": "svt_api",
        "roles": [
            {
                "name": "Purchaser",
                "contexts": [
                    {
                        "org": [
                            "svt_api"
                        ],
                        "team": [
                            "e2esvtapi_purchaser"
                        ],
                        "int_e2esvtapi_type_id_1": [
                            "int_e2esvtapi_type_1_value_id_1",
                            "int_e2esvtapi_type_1_value_id_3"
                        ],
                        "int_e2esvtapi_type_id_2": [
                            "int_e2esvtapi_type_2_value_id_2",
                            "int_e2esvtapi_type_2_value_id_4"
                        ]
                    }
                ]
            }
        ],
        "users": [
            "e2esvtapi_purchaser",
            "e2esvtapi_admin"
        ]
    },
    {
        "__id__": "technicalapprover",
        "name": "e2esvtapi_techapprover",
        "id": "e2esvtapi_techapprover",
        "organization": "svt_api",
        "roles": [
            {
                "name": "Technical Approver",
                "contexts": [
                    {
                        "org": [
                            "svt_api"
                        ],
                        "team": [
                            "e2esvtapi_buyer"
                        ],
                        "int_e2esvtapi_type_id_1": [
                            "int_e2esvtapi_type_1_value_id_1",
                            "int_e2esvtapi_type_1_value_id_2",
                            "int_e2esvtapi_type_1_value_id_3",
                            "int_e2esvtapi_type_1_value_id_4"
                        ],
                        "int_e2esvtapi_type_id_2": [
                            "int_e2esvtapi_type_2_value_id_1",
                            "int_e2esvtapi_type_2_value_id_2",
                            "int_e2esvtapi_type_2_value_id_3",
                            "int_e2esvtapi_type_2_value_id_4"
                        ]
                    },
                    {
                        "team": [
                            "e2esvtapi_buyer1"
                        ],
                        "int_e2esvtapi_type_id_1": [
                            "int_e2esvtapi_type_1_value_id_1"
                        ],
                        "int_e2esvtapi_type_id_2": [
                            "int_e2esvtapi_type_2_value_id_2"
                        ]
                    },
                    {
                        "team": [
                            "e2esvtapi_operator"
                        ],
                        "int_e2esvtapi_type_id_1": [
                            "int_e2esvtapi_type_1_value_id_1"
                        ],
                        "int_e2esvtapi_type_id_2": [
                            "int_e2esvtapi_type_2_value_id_2"
                        ]
                    },
                    {
                        "org": [
                            "svt_api"
                        ],
                        "team": [
                            "e2esvtapi_purchaser"
                        ],
                        "int_e2esvtapi_type_id_1": [
                            "int_e2esvtapi_type_1_value_id_1",
                            "int_e2esvtapi_type_1_value_id_2",
                            "int_e2esvtapi_type_1_value_id_3",
                            "int_e2esvtapi_type_1_value_id_4"
                        ],
                        "int_e2esvtapi_type_id_2": [
                            "int_e2esvtapi_type_2_value_id_1",
                            "int_e2esvtapi_type_2_value_id_2",
                            "int_e2esvtapi_type_2_value_id_3",
                            "int_e2esvtapi_type_2_value_id_4"
                        ]
                    }
                ]
            }
        ],
        "users": [
            "e2esvtapi_techapprover",
            "e2esvtapi_admin"
        ]
    },
    {
        "__id__": "financialapprover",
        "name": "e2esvtapi_finapprover",
        "id": "e2esvtapi_finapprover",
        "organization": "svt_api",
        "roles": [
            {
                "name": "Financial Approver",
                "contexts": [
                    {
                        "org": [
                            "svt_api"
                        ],
                        "team": [
                            "e2esvtapi_buyer"
                        ],
                        "int_e2esvtapi_type_id_1": [
                            "int_e2esvtapi_type_1_value_id_1",
                            "int_e2esvtapi_type_1_value_id_2",
                            "int_e2esvtapi_type_1_value_id_3",
                            "int_e2esvtapi_type_1_value_id_4"
                        ],
                        "int_e2esvtapi_type_id_2": [
                            "int_e2esvtapi_type_2_value_id_1",
                            "int_e2esvtapi_type_2_value_id_2",
                            "int_e2esvtapi_type_2_value_id_3",
                            "int_e2esvtapi_type_2_value_id_4"
                        ]
                    },
                    {
                        "team": [
                            "e2esvtapi_buyer1"
                        ],
                        "int_e2esvtapi_type_id_1": [
                            "int_e2esvtapi_type_1_value_id_1"
                        ],
                        "int_e2esvtapi_type_id_2": [
                            "int_e2esvtapi_type_2_value_id_2"
                        ]
                    },
                    {
                        "team": [
                            "e2esvtapi_operator"
                        ],
                        "int_e2esvtapi_type_id_1": [
                            "int_e2esvtapi_type_1_value_id_1"
                        ],
                        "int_e2esvtapi_type_id_2": [
                            "int_e2esvtapi_type_2_value_id_2"
                        ]
                    },
                    {
                        "org": [
                            "svt_api"
                        ],
                        "team": [
                            "e2esvtapi_purchaser"
                        ],
                        "int_e2esvtapi_type_id_1": [
                            "int_e2esvtapi_type_1_value_id_1",
                            "int_e2esvtapi_type_1_value_id_2",
                            "int_e2esvtapi_type_1_value_id_3",
                            "int_e2esvtapi_type_1_value_id_4"
                        ],
                        "int_e2esvtapi_type_id_2": [
                            "int_e2esvtapi_type_2_value_id_1",
                            "int_e2esvtapi_type_2_value_id_2",
                            "int_e2esvtapi_type_2_value_id_3",
                            "int_e2esvtapi_type_2_value_id_4"
                        ]
                    }
                ]
            }
        ],
        "users": [
            "e2esvtapi_finapprover",
            "e2esvtapi_admin"
        ]
    },
    {
        "__id__": "financialapprover1",
        "name": "e2esvtapi_finapprover1",
        "id": "e2esvtapi_finapprover1",
        "organization": "svt_api",
        "roles": [
            {
                "name": "Financial Approver",
                "contexts": [
                    {
                        "org": [
                            "svt_api"
                        ],
                        "team": [
                            "e2esvtapi_buyer"
                        ],
                        "int_e2esvtapi_type_id_1": [
                            "int_e2esvtapi_type_1_value_id_1",
                            "int_e2esvtapi_type_1_value_id_3"
                        ]
                    }
                ]
            },
            {
                "name": "Budget Viewer",
                "contexts": [
                    {
                        "org": [
                            "org_all"
                        ]
                    }
                ]
            }
        ],
        "users": [
            "e2esvtapi_finapprover1",
            "e2esvtapi_admin"
        ]
    },
    {
        "__id__": "financialapprover2",
        "name": "e2esvtapi_finapprover2",
        "id": "e2esvtapi_finapprover2",
        "organization": "svt_api",
        "roles": [
            {
                "name": "Legal Approver",
                "contexts": [
                    {
                        "org": [
                            "svt_api"
                        ],
                        "team": [
                            "e2esvtapi_buyer"
                        ],
                        "int_e2esvtapi_type_id_2": [
                            "int_e2esvtapi_type_2_value_id_2",
                            "int_e2esvtapi_type_2_value_id_4"
                        ]
                    }
                ]
            }
        ],
        "users": [
            "e2esvtapi_finapprover2",
            "e2esvtapi_admin"
        ]
    },
    {
        "__id__": "operator",
        "name": "e2esvtapi_operator",
        "id": "e2esvtapi_operator",
        "organization": "svt_api",
        "roles": [
            {
                "name": "Operator",
                "contexts": [
                    {
                        "org": [
                            "svt_api"
                        ],
                        "team": [
                            "e2esvtapi_operator"
                        ],
                        "int_e2esvtapi_type_id_1": [
                            "int_e2esvtapi_type_1_value_id_1",
                            "int_e2esvtapi_type_1_value_id_3"
                        ],
                        "int_e2esvtapi_type_id_2": [
                            "int_e2esvtapi_type_2_value_id_2",
                            "int_e2esvtapi_type_2_value_id_4"
                        ]
                    },
                    {
                        "org": [
                            "svt_api"
                        ],
                        "team": [
                            "e2esvtapi_purchaser"
                        ],
                        "int_e2esvtapi_type_id_1": [
                            "int_e2esvtapi_type_1_value_id_1",
                            "int_e2esvtapi_type_1_value_id_3"
                        ],
                        "int_e2esvtapi_type_id_2": [
                            "int_e2esvtapi_type_2_value_id_2",
                            "int_e2esvtapi_type_2_value_id_4"
                        ]
                    },
                    {
                        "org": [
                            "svt_api"
                        ],
                        "team": [
                            "e2esvtapi_buyer"
                        ],
                        "int_e2esvtapi_type_id_1": [
                            "int_e2esvtapi_type_1_value_id_1",
                            "int_e2esvtapi_type_1_value_id_3"
                        ],
                        "int_e2esvtapi_type_id_2": [
                            "int_e2esvtapi_type_2_value_id_2",
                            "int_e2esvtapi_type_2_value_id_4"
                        ]
                    },
                    {
                        "team": [
                            "e2esvtapi_buyer1"
                        ],
                        "int_e2esvtapi_type_id_1": [
                            "int_e2esvtapi_type_1_value_id_1"
                        ],
                        "int_e2esvtapi_type_id_2": [
                            "int_e2esvtapi_type_2_value_id_2"
                        ]
                    }
                ]
            }
        ],
        "users": [
            "e2esvtapi_operator",
            "e2esvtapi_admin"
        ]
    },
    {
        "__id__": "floaters",
        "name": "e2esvtapi_floaters",
        "id": "e2esvtapi_floaters",
        "organization": "svt_api",
        "roles": [
            {
                "name": "Audit Viewer",
                "contexts": [
                    {
                        "org": [
                            "org_all"
                        ]
                    }
                ]
            }
        ],
        "users": [
            "e2esvtapi_floater1",
            "e2esvtapi_floater2",
            "e2esvtapi_floater3",
            "e2esvtapi_floater4",
            "e2esvtapi_floater5",
            "e2esvtapi_floater6",
            "e2esvtapi_floater7"
        ]
    }
]