{
  "bail": 0,
  "changedFilesWithAncestor": false,
  "ci": false,
  "collectCoverage": false,
  "collectCoverageFrom": [],
  "coverageDirectory": "/home/mahendra/Ibm/Automation/playwright/UI-Auto-Tools-POC/cb-consume-ui-automation-pw/coverage",
  "coverageProvider": "babel",
  "coverageReporters": [
    "json",
    "text",
    "lcov",
    "clover"
  ],
  "detectLeaks": false,
  "detectOpenHandles": false,
  "errorOnDeprecated": false,
  "expand": false,
  "findRelatedTests": false,
  "forceExit": false,
  "globalSetup": "/home/mahendra/Ibm/Automation/playwright/UI-Auto-Tools-POC/cb-consume-ui-automation-pw/helpers/setup.js",
  "globalTeardown": "/home/mahendra/Ibm/Automation/playwright/UI-Auto-Tools-POC/cb-consume-ui-automation-pw/node_modules/jest-playwright-preset/teardown.js",
  "json": false,
  "lastCommit": false,
  "listTests": false,
  "logHeapUsage": false,
  "maxConcurrency": 5,
  "maxWorkers": 7,
  "noStackTrace": false,
  "nonFlagArgs": [],
  "notify": false,
  "notifyMode": "failure-change",
  "onlyChanged": false,
  "onlyFailures": false,
  "passWithNoTests": false,
  "projects": [],
  "reporters": [
    [
      "default",
      {}
    ],
    [
      "/home/mahendra/Ibm/Automation/playwright/UI-Auto-Tools-POC/cb-consume-ui-automation-pw/node_modules/jest-html-reporters/index.js",
      {
        "publicPath": "./Reports/htmlReports",
        "filename": "Test Execution Summary.html",
        "expand": true,
        "openReport": false
      }
    ],
    [
      "/home/mahendra/Ibm/Automation/playwright/UI-Auto-Tools-POC/cb-consume-ui-automation-pw/node_modules/jest-junit/index.js",
      {
        "suiteName": "Automation Suite",
        "outputDirectory": "./Reports/Junit/",
        "outputName": "junit.xml"
      }
    ],
    [
      "/home/mahendra/Ibm/Automation/playwright/UI-Auto-Tools-POC/cb-consume-ui-automation-pw/node_modules/jest-stare/lib/index.js",
      {
        "resultDir": "./Reports/jest-stare/",
        "reportTitle": "jest-stare!",
        "additionalResultsProcessors": [],
        "coverageLink": "../../coverage/lcov-report/index.html",
        "jestStareConfigJson": "jest-stare.json",
        "jestGlobalConfigJson": "globalStuff.json",
        "watchPathIgnorePatterns": [
          ".*jest-stare.*\\.js"
        ],
        "resultHtml": "index.html",
        "resultJson": "jest-results.json"
      }
    ]
  ],
  "rootDir": "/home/mahendra/Ibm/Automation/playwright/UI-Auto-Tools-POC/cb-consume-ui-automation-pw",
  "runTestsByPath": false,
  "skipFilter": false,
  "testFailureExitCode": 1,
  "testPathPattern": "",
  "testSequencer": "/home/mahendra/Ibm/Automation/playwright/UI-Auto-Tools-POC/cb-consume-ui-automation-pw/node_modules/@jest/test-sequencer/build/index.js",
  "updateSnapshot": "new",
  "useStderr": false,
  "verbose": true,
  "watch": false,
  "watchAll": false,
  "watchman": true
}