{
  "numFailedTestSuites": 1,
  "numFailedTests": 1,
  "numPassedTestSuites": 0,
  "numPassedTests": 3,
  "numPendingTestSuites": 0,
  "numPendingTests": 0,
  "numRuntimeErrorTestSuites": 0,
  "numTodoTests": 0,
  "numTotalTestSuites": 1,
  "numTotalTests": 4,
  "openHandles": [],
  "snapshot": {
    "added": 0,
    "didUpdate": false,
    "failure": false,
    "filesAdded": 0,
    "filesRemoved": 0,
    "filesRemovedList": [],
    "filesUnmatched": 0,
    "filesUpdated": 0,
    "matched": 0,
    "total": 0,
    "unchecked": 0,
    "uncheckedKeysByFile": [],
    "unmatched": 0,
    "updated": 0
  },
  "startTime": 1669728972296,
  "success": false,
  "testResults": [
    {
      "leaks": false,
      "numFailingTests": 1,
      "numPassingTests": 3,
      "numPendingTests": 0,
      "numTodoTests": 0,
      "openHandles": [],
      "perfStats": {
        "end": 1669728998892,
        "runtime": 26208,
        "slow": true,
        "start": 1669728972684
      },
      "skipped": false,
      "snapshot": {
        "added": 0,
        "fileDeleted": false,
        "matched": 0,
        "unchecked": 0,
        "uncheckedKeys": [],
        "unmatched": 0,
        "updated": 0
      },
      "testFilePath": "/home/mahendra/Ibm/Automation/playwright/UI-Auto-Tools-POC/cb-consume-ui-automation-pw/e2e/tests/catalog.spec.js",
      "testResults": [
        {
          "ancestorTitles": [
            "Kyndryl Bridge-Catalog"
          ],
          "duration": 3153,
          "failureDetails": [],
          "failureMessages": [],
          "fullName": "Kyndryl Bridge-Catalog Catalog - Validate Service Details and count on Catalog page",
          "invocations": 1,
          "location": null,
          "numPassingAsserts": 0,
          "retryReasons": [],
          "status": "passed",
          "title": "Catalog - Validate Service Details and count on Catalog page"
        },
        {
          "ancestorTitles": [
            "Kyndryl Bridge-Catalog"
          ],
          "duration": 3921,
          "failureDetails": [
            {
              "matcherResult": {
                "actual": "Enterprise Managed Services",
                "expected": "Multicloud Management Services",
                "message": "\u001b[2mexpect(\u001b[22m\u001b[31mreceived\u001b[39m\u001b[2m).\u001b[22mtoEqual\u001b[2m(\u001b[22m\u001b[32mexpected\u001b[39m\u001b[2m) // deep equality\u001b[22m\n\nExpected: \u001b[32m\"\u001b[7mMulticloud\u001b[27m Manage\u001b[7mment\u001b[27m Services\"\u001b[39m\nReceived: \u001b[31m\"\u001b[7mEnterprise\u001b[27m Manage\u001b[7md\u001b[27m Services\"\u001b[39m",
                "name": "toEqual",
                "pass": false
              }
            }
          ],
          "failureMessages": [
            "Error: \u001b[2mexpect(\u001b[22m\u001b[31mreceived\u001b[39m\u001b[2m).\u001b[22mtoEqual\u001b[2m(\u001b[22m\u001b[32mexpected\u001b[39m\u001b[2m) // deep equality\u001b[22m\n\nExpected: \u001b[32m\"\u001b[7mMulticloud\u001b[27m Manage\u001b[7mment\u001b[27m Services\"\u001b[39m\nReceived: \u001b[31m\"\u001b[7mEnterprise\u001b[27m Manage\u001b[7md\u001b[27m Services\"\u001b[39m\n    at Object.toEqual (/home/mahendra/Ibm/Automation/playwright/UI-Auto-Tools-POC/cb-consume-ui-automation-pw/e2e/tests/catalog.spec.js:15:29)\n    at runNextTicks (node:internal/process/task_queues:61:5)\n    at processImmediate (node:internal/timers:437:9)"
          ],
          "fullName": "Kyndryl Bridge-Catalog Catalog - Search Service and Validate its visible",
          "invocations": 2,
          "location": null,
          "numPassingAsserts": 0,
          "retryReasons": [],
          "status": "failed",
          "title": "Catalog - Search Service and Validate its visible"
        },
        {
          "ancestorTitles": [
            "Kyndryl Bridge-Catalog"
          ],
          "duration": 5308,
          "failureDetails": [],
          "failureMessages": [],
          "fullName": "Kyndryl Bridge-Catalog Catalog - Apply Category filter and verify applied filter",
          "invocations": 1,
          "location": null,
          "numPassingAsserts": 0,
          "retryReasons": [],
          "status": "passed",
          "title": "Catalog - Apply Category filter and verify applied filter"
        },
        {
          "ancestorTitles": [
            "Kyndryl Bridge-Catalog"
          ],
          "duration": 4391,
          "failureDetails": [],
          "failureMessages": [],
          "fullName": "Kyndryl Bridge-Catalog Catalog - Apply Delivery Method filter and verify applied filter",
          "invocations": 1,
          "location": null,
          "numPassingAsserts": 0,
          "retryReasons": [],
          "status": "passed",
          "title": "Catalog - Apply Delivery Method filter and verify applied filter"
        }
      ],
      "displayName": {
        "name": "browser: chromium",
        "color": "yellow"
      },
      "failureMessage": "\u001b[1m\u001b[31m  \u001b[1m● \u001b[22m\u001b[1mKyndryl Bridge-Catalog › Catalog - Search Service and Validate its visible\u001b[39m\u001b[22m\n\n    \u001b[2mexpect(\u001b[22m\u001b[31mreceived\u001b[39m\u001b[2m).\u001b[22mtoEqual\u001b[2m(\u001b[22m\u001b[32mexpected\u001b[39m\u001b[2m) // deep equality\u001b[22m\n\n    Expected: \u001b[32m\"\u001b[7mMulticloud\u001b[27m Manage\u001b[7mment\u001b[27m Services\"\u001b[39m\n    Received: \u001b[31m\"\u001b[7mEnterprise\u001b[27m Manage\u001b[7md\u001b[27m Services\"\u001b[39m\n\u001b[2m\u001b[22m\n\u001b[2m    \u001b[0m \u001b[90m 13 |\u001b[39m         \u001b[36mawait\u001b[39m catalogPage\u001b[33m.\u001b[39mverifyServiceCount()\u001b[0m\u001b[22m\n\u001b[2m    \u001b[0m \u001b[90m 14 |\u001b[39m         \u001b[36mconst\u001b[39m services \u001b[33m=\u001b[39m \u001b[36mawait\u001b[39m catalogPage\u001b[33m.\u001b[39mgetDisplayedServices()\u001b[0m\u001b[22m\n\u001b[2m    \u001b[0m\u001b[31m\u001b[1m>\u001b[22m\u001b[2m\u001b[39m\u001b[90m 15 |\u001b[39m         expect(services[\u001b[35m0\u001b[39m])\u001b[33m.\u001b[39mtoEqual(genericTestData\u001b[33m.\u001b[39msearchService)\u001b[0m\u001b[22m\n\u001b[2m    \u001b[0m \u001b[90m    |\u001b[39m                             \u001b[31m\u001b[1m^\u001b[22m\u001b[2m\u001b[39m\u001b[0m\u001b[22m\n\u001b[2m    \u001b[0m \u001b[90m 16 |\u001b[39m     })\u001b[0m\u001b[22m\n\u001b[2m    \u001b[0m \u001b[90m 17 |\u001b[39m\u001b[0m\u001b[22m\n\u001b[2m    \u001b[0m \u001b[90m 18 |\u001b[39m     it(\u001b[32m'Catalog - Apply Category filter and verify applied filter'\u001b[39m\u001b[33m,\u001b[39m \u001b[36masync\u001b[39m () \u001b[33m=>\u001b[39m {\u001b[0m\u001b[22m\n\u001b[2m\u001b[22m\n\u001b[2m      \u001b[2mat Object.toEqual (\u001b[22m\u001b[2m\u001b[0m\u001b[36me2e/tests/catalog.spec.js\u001b[39m\u001b[0m\u001b[2m:15:29)\u001b[22m\u001b[2m\u001b[22m\n"
    }
  ],
  "wasInterrupted": false
}