[
    {
        "type_id": "int_e2esvtapi_type_id_1",
        "type_name": "int_e2esvtapi_type_name_1",
        "display_order": 5,
        "type_values": [
            {
                "id": "int_e2esvtapi_type_1_value_id_1",
                "name": "int_e2esvtapi_type_1_value_name_1"
            },
            {
                "id": "int_e2esvtapi_type_1_value_id_2",
                "name": "int_e2esvtapi_type_1_value_name_2"
            },
            {
                "id": "int_e2esvtapi_type_1_value_id_3",
                "name": "int_e2esvtapi_type_1_value_name_3"
            },
            {
                "id": "int_e2esvtapi_type_1_value_id_4",
                "name": "int_e2esvtapi_type_1_value_name_4"
            },
            {
                "id": "int_e2esvtapi_type_1_value_id_5",
                "name": "int_e2esvtapi_type_1_value_name_5"
            }
        ]
    },
    {
        "type_id": "int_e2esvtapi_type_id_2",
        "type_name": "int_e2esvtapi_type_name_2",
        "display_order": 4,
        "type_values": [
            {
                "id": "int_e2esvtapi_type_2_value_id_1",
                "name": "int_e2esvtapi_type_2_value_name_1"
            },
            {
                "id": "int_e2esvtapi_type_2_value_id_2",
                "name": "int_e2esvtapi_type_2_value_name_2"
            },
            {
                "id": "int_e2esvtapi_type_2_value_id_3",
                "name": "int_e2esvtapi_type_2_value_name_3"
            },
            {
                "id": "int_e2esvtapi_type_2_value_id_4",
                "name": "int_e2esvtapi_type_2_value_name_4"
            },
            {
                "id": "int_e2esvtapi_type_2_value_id_5",
                "name": "int_e2esvtapi_type_2_value_name_5"
            }
        ]
    },
    {
        "type_id": "app",
        "type_name": "application",
        "display_order": 4,
        "type_values": [
            {
                "id": "app1",
                "name": "App1"
            },
            {
                "id": "app2",
                "name": "App2"
            },
            {
                "id": "app3",
                "name": "App3"
            }
        ]
    },
    {
        "type_id": "env",
        "type_name": "environment",
        "display_order": 4,
        "type_values": [
            {
                "id": "env1",
                "name": "Env1"
            },
            {
                "id": "env2",
                "name": "Env2"
            },
            {
                "id": "env3",
                "name": "Env3"
            }
        ]
    }
]