{
    "aws": [
        {
            "master_name": "e2esvtapi_aws_master_hills",
            "master_ref_id": null,
            "advanced_info": {
              "accountNumber": "$config.accountNumberMaster",
              "report_path": "$config",
              "s3Bucket": "$config"
            },
            "credential_accounts": [
                {
                    "name": "e2esvtapi_app_developer_aws_cost_hills",
                    "credential_ref_id": null,
                    "purpose": [
                        "costIngestion"
                    ],
                    "password_fields": {
                      "accessKey": "$config.masterAccessKey",
                      "secretKey": "$config.masterSecretKey"
                    },
                    "context": {
                        "team": [
                            "e2esvtapi_app_developer",
                            "e2esvtapi_it_ops_manager"
                        ]
                    }
                }
            ],
            "assets": [
                {
                    "asset_ref_id": null,
                    "asset_name": "e2esvtapi_aws_753022563888_hills",
                    "advanced_info": {
                        "accountNumber": "$config.accountNumberAsset"
                    },
                    "credential_accounts": [
                        {
                            "name": "e2esvtapi_app_developer_aws_hills",
                            "credential_ref_id": null,
                            "purpose": [
                                "provisioning",
                                "assetIngestion"
                            ],
                            "password_fields": {
                              "accessKey": "$config",
                              "secretKey": "$config"
                            },
                            "context": {
                                "team": [
                                    "e2esvtapi_app_developer",
                                    "e2esvtapi_it_ops_manager"
                                ]
                            }
                        }
                    ]
                }
            ]
        }
    ],
    "azure": [
        {
            "master_name": "e2esvtapi_azure_master_hills",
            "master_ref_id": null,
            "advanced_info": {
                "ea_account_id": "$config"
            },
            "credential_accounts": [
                {
                    "name": "e2esvtapi_app_developer_azure_cost_hills",
                    "credential_ref_id": null,
                    "purpose": [
                        "costIngestion"
                    ],
                    "password_fields": {
                        "billingAccountNumber": "$config",
                        "billingApiKey": "$config",
                        "appId": null,
                        "cspKey": null,
                        "domain": null
                    },
                    "context": {
                        "team": [
                            "e2esvtapi_app_developer",
                            "e2esvtapi_it_ops_manager"
                        ]
                    }
                }

            ],
            "assets": [
                {
                    "asset_ref_id": null,
                    "asset_name": "e2esvtapi_azure_311be5cb-fde0-4f94-887f-1f88c116dc45_hills",
                    "advanced_info": {
                        "subscriptionID": "$config",
                        "tenantID": "$config",
                        "offerID": "$config"
                    },
                    "credential_accounts": [
                        {
                            "name": "e2esvtapi_app_developer_azure_hills",
                            "credential_ref_id": null,
                            "purpose": [
                                "provisioning",
                                "assetIngestion"
                            ],
                            "password_fields": {
                                "clientId": "$config",
                                "secret": "$config",
                                "appId": null,
                                "cspKey": null,
                                "domain": null
                            },
                            "context": {
                                "team": [
                                    "e2esvtapi_app_developer",
                                    "e2esvtapi_it_ops_manager"
                                ]
                            }
                        }
                    ]
                }
            ]
        }
    ],
    "ibmcloud": [
        {
            "master_name": "e2esvtapi_ibmcloud_master_hills",
            "master_ref_id": null,
            "advanced_info": {
                "accountNumber": "$config"
            },
            "credential_accounts": [
                {
                    "name": "e2esvtapi_ibmcloud_costingestion_hills",
                    "credential_ref_id": null,
                    "purpose": [
                        "costIngestion"
                    ],
                    "password_fields": {
                        "username": "$config",
                        "apiKey": "$config"
                    },
                    "context": {
                        "team": [
                            "e2esvtapi_app_developer",
                            "e2esvtapi_it_ops_manager"
                        ]
                    }
                }
            ],
            "assets": [
                {
                    "asset_ref_id": null,
                    "asset_name": "e2esvtapi_ibmcloud_1521909_hills",
                    "advanced_info": {
                        "accountNumber": "$config"
                    },
                    "credential_accounts": [
                        {
                            "name": "e2esvtapi_app_developer_ibmcloud_hills",
                            "credential_ref_id": null,
                            "purpose": [
                                "provisioning",
                                "assetIngestion",
                                "assetDiscovery"
                            ],
                            "password_fields": {
                                "username": "$config",
                                "apiKey": "$config",
                                "bxapiKey": "$config"
                            },
                            "context": {
                                "team": [
                                    "e2esvtapi_app_developer",
                                    "e2esvtapi_it_ops_manager"
                                ]
                            }
                        }
                    ]
                }
            ]
        }
    ]
}