[
    {
        "__id__": "admin_hills",
        "name": "e2esvtapi_admin_hills",
        "id": "e2esvtapi_admin_hills",
        "organization": "ist",
        "roles": [
            {
                "name": "System Admin",
                "contexts": [
                    {
                        "org": [
                            "org_all"
                        ]
                    }
                ]
            },
            {
                "name": "Team Setup Admin",
                "contexts": [
                    {
                        "org": [
                            "ist"
                        ]
                    }
                ]
            },
            {
                "name": "Audit Admin",
                "contexts": [
                    {
                        "org": [
                            "org_all"
                        ]
                    }
                ]
            },
            {
                "name": "Audit Viewer",
                "contexts": [
                    {
                        "org": [
                            "org_all"
                        ]
                    }
                ]
            },
            {
                "name": "IT Ops Admin",
                "contexts": [
                    {
                        "team": [
                            "e2esvtapi_it_ops_manager"
                        ]
                    }
                ]
            },
            {
                "name": "Catalog Administrator",
                "contexts": [
                    {
                        "org": [
                            "org_all"
                        ]
                    }
                ]
            },
            {
                "name": "Budget Administrator",
                "contexts": [
                    {
                        "org": [
                            "org_all"
                        ]
                    }
                ]
            },
            {
                "name": "Policy Administrator",
                "contexts": [
                    {
                        "org": [
                            "org_all"
                        ]
                    }
                ]
            }
        ],
        "users": [
            "e2esvtapi+admin@gmail.com"
        ]
    },
    {
        "__id__": "App Developer",
        "name": "e2esvtapi_App_Developer",
        "id": "e2esvtapi_app_developer",
        "organization": "ist",
        "roles": [
            {
                "name": "Buyer",
                "contexts": [
                    {
                        "org": [
                            "ist"
                        ],
                        "team": [
                            "e2esvtapi_app_developer"
                        ],
                        "int_e2esvtapi_type_id_1": [
                            "int_e2esvtapi_type_1_value_id_1",
                            "int_e2esvtapi_type_1_value_id_3"
                        ],
                        "int_e2esvtapi_type_id_2": [
                            "int_e2esvtapi_type_2_value_id_2",
                            "int_e2esvtapi_type_2_value_id_4"
                        ]
                    }
                ]
            },
            {
                "name": "Purchaser",
                "contexts": [
                    {
                        "org": [
                            "ist"
                        ],
                        "team": [
                            "e2esvtapi_app_developer"
                        ],
                        "int_e2esvtapi_type_id_1": [
                            "int_e2esvtapi_type_1_value_id_1",
                            "int_e2esvtapi_type_1_value_id_3"
                        ],
                        "int_e2esvtapi_type_id_2": [
                            "int_e2esvtapi_type_2_value_id_2",
                            "int_e2esvtapi_type_2_value_id_4"
                        ]
                    }
                ]
            },
            {
                "name": "Tag Schema Admin",
                "contexts": [
                    {
                        "org": [
                            "ist"
                        ]
                    }
                ]
            },
            {
                "name": "Tag Schema Viewer",
                "contexts": [
                    {
                        "org": [
                            "ist"
                        ]
                    }
                ]
            }
        ],
        "hills": {
            "02.01 Buy Service": null,
            "02.02 Delete Service": null
        },
        "users": [
            "istapi.app.developer@gmail.com",
            "e2esvtapi+admin@gmail.com"
        ]
    },
    {
        "__id__": "Development Manager",
        "name": "e2esvtapi_Development_Manager",
        "id": "e2esvtapi_development_manager",
        "organization": "ist",
        "roles": [
            {
                "name": "Technical Approver",
                "contexts": [
                    {
                        "org": [
                            "ist"
                        ],
                        "team": [
                            "e2esvtapi_app_developer"
                        ],
                        "int_e2esvtapi_type_id_1": [
                            "int_e2esvtapi_type_1_value_id_1",
                            "int_e2esvtapi_type_1_value_id_2",
                            "int_e2esvtapi_type_1_value_id_3",
                            "int_e2esvtapi_type_1_value_id_4"
                        ],
                        "int_e2esvtapi_type_id_2": [
                            "int_e2esvtapi_type_2_value_id_1",
                            "int_e2esvtapi_type_2_value_id_2",
                            "int_e2esvtapi_type_2_value_id_3",
                            "int_e2esvtapi_type_2_value_id_4"
                        ]
                    }
                ]
            },
            {
                "name": "Asset Analyst",
                "contexts": [
                    {
                        "org": [
                            "ist"
                        ]
                    }
                ]
            }
        ],
        "hills": {
            "07.01 Technical Approve Order": null,
            "07.01 Review Cost": null
        },
        "users": [
            "istapi.development.manager@gmail.com",
            "e2esvtapi+admin@gmail.com"
        ]
    },
    {
        "__id__": "IT Finance Manager",
        "name": "e2esvtapi_IT_Finance_Manager",
        "id": "e2esvtapi_it_finance_manager",
        "organization": "ist",
        "roles": [
            {
                "name": "Financial Approver",
                "contexts": [
                    {
                        "org": [
                            "ist"
                        ],
                        "team": [
                            "e2esvtapi_app_developer"
                        ],
                        "int_e2esvtapi_type_id_1": [
                            "int_e2esvtapi_type_1_value_id_1",
                            "int_e2esvtapi_type_1_value_id_2",
                            "int_e2esvtapi_type_1_value_id_3",
                            "int_e2esvtapi_type_1_value_id_4"
                        ],
                        "int_e2esvtapi_type_id_2": [
                            "int_e2esvtapi_type_2_value_id_1",
                            "int_e2esvtapi_type_2_value_id_2",
                            "int_e2esvtapi_type_2_value_id_3",
                            "int_e2esvtapi_type_2_value_id_4"
                        ]
                    }
                ]
            },
            {
                "name": "Tag Schema Admin",
                "contexts": [
                    {
                        "org": [
                            "ist"
                        ]
                    }
                ]
            },
            {
                "name": "Budget Administrator",
                "contexts": [
                    {
                        "org": [
                            "ist"
                        ]
                    }
                ]
            },
            {
                "name": "Cost Manager",
                "contexts": [
                    {
                        "org": [
                            "ist"
                        ]
                    }
                ]
            }
        ],
        "hills": {
            "12.02 Create Budget": null,
            "12.01 Financial Approve Order": null,
            "12.01 Cost Impact": null
        },
        "users": [
            "istapi.it.financial.manager@gmail.com",
            "e2esvtapi+admin@gmail.com"
        ]
    },
    {
        "__id__": "IT Operations Manager",
        "name": "e2esvtapi_it_ops_manager",
        "id": "e2esvtapi_it_ops_manager",
        "organization": "ist",
        "roles": [
            {
                "name": "IT Ops Manager",
                "contexts": [
                    {
                        "int_e2esvtapi_type_id_1": [
                            "int_e2esvtapi_type_1_value_id_1",
                            "int_e2esvtapi_type_1_value_id_3"
                        ],
                        "int_e2esvtapi_type_id_2": [
                            "int_e2esvtapi_type_2_value_id_2",
                            "int_e2esvtapi_type_2_value_id_4"
                        ],
                        "landing": [
                            "landing_all"
                        ],
                        "support": [
                            "Serviceability",
                            "monitoring_and_visibility"
                        ],
                        "org": [
                            "ist"
                        ]
                    }
                ],
                "roleId": "MCMP_AIOps_ITOpsManager",
                "additionalinfo": {
                    "contexts": []
                }
            },
            {
                "name": "AIOps Admin",
                "contexts":  [
                    {
                        "org": [
                            "ist"
                        ]
                    }
                ]
            },
            {
                "name": "Financial Approver",
                "contexts": [
                    {
                        "org": [
                            "ist"
                        ],
                        "team": [
                            "e2esvtapi_app_developer"
                        ],
                        "int_e2esvtapi_type_id_1": [
                            "int_e2esvtapi_type_1_value_id_1",
                            "int_e2esvtapi_type_1_value_id_2",
                            "int_e2esvtapi_type_1_value_id_3",
                            "int_e2esvtapi_type_1_value_id_4"
                        ],
                        "int_e2esvtapi_type_id_2": [
                            "int_e2esvtapi_type_2_value_id_1",
                            "int_e2esvtapi_type_2_value_id_2",
                            "int_e2esvtapi_type_2_value_id_3",
                            "int_e2esvtapi_type_2_value_id_4"
                        ]
                    }
                ]
            },
            {
                "name": "Technical Approver",
                "contexts": [
                    {
                        "org": [
                            "ist"
                        ],
                        "team": [
                            "e2esvtapi_app_developer"
                        ],
                        "int_e2esvtapi_type_id_1": [
                            "int_e2esvtapi_type_1_value_id_1",
                            "int_e2esvtapi_type_1_value_id_2",
                            "int_e2esvtapi_type_1_value_id_3",
                            "int_e2esvtapi_type_1_value_id_4"
                        ],
                        "int_e2esvtapi_type_id_2": [
                            "int_e2esvtapi_type_2_value_id_1",
                            "int_e2esvtapi_type_2_value_id_2",
                            "int_e2esvtapi_type_2_value_id_3",
                            "int_e2esvtapi_type_2_value_id_4"
                        ]
                    }
                ]
            },
            {
                "name": "Operator",
                "contexts": [
                    {
                        "org": [
                            "ist"
                        ],
                        "team": [
                            "e2esvtapi_app_developer"
                        ],
                        "int_e2esvtapi_type_id_1": [
                            "int_e2esvtapi_type_1_value_id_1",
                            "int_e2esvtapi_type_1_value_id_2",
                            "int_e2esvtapi_type_1_value_id_3",
                            "int_e2esvtapi_type_1_value_id_4"
                        ],
                        "int_e2esvtapi_type_id_2": [
                            "int_e2esvtapi_type_2_value_id_1",
                            "int_e2esvtapi_type_2_value_id_2",
                            "int_e2esvtapi_type_2_value_id_3",
                            "int_e2esvtapi_type_2_value_id_4"
                        ]
                    }
                ]
            },
            {
                "name": "Audit Viewer",
                "contexts": [
                    {
                        "org": [
                            "org_all"
                        ]
                    }
                ]
            },
            {
                "name": "Tag Schema Admin",
                "contexts": [
                    {
                        "org": [
                            "ist"
                        ]
                    }
                ]
            },
            {
                "name": "Actions Registry Admin",
                "contexts": [
                    {
                        "org": [
                            "org_all"
                        ]
                    }
                ]
            },
            {
                "name": "Action Viewer",
                "contexts": [
                    {
                        "team": [
                            "e2esvtapi_app_developer"
                        ]
                    }
                ]
            },
            {
                "name": "Action Practitioner",
                "contexts": [
                    {
                        "team": [
                            "e2esvtapi_app_developer"
                        ]
                    }
                ]
            },
            {
                "name": "Action Policy Admin",
                "contexts": [
                    {
                        "team": [
                            "e2esvtapi_app_developer"
                        ]
                    }
                ]
            },
            {
                "name": "Asset Analyst",
                "contexts": [
                    {
                        "team": [
                            "e2esvtapi_app_developer"
                        ]
                    }
                ]
            }
        ],
        "hills": {
            "15.13 Perform Aiops Actions": null
        },
        "users": [
            "istapi.it.operations.manager@gmail.com",
            "e2esvtapi+admin@gmail.com"
        ]
    },
    {
        "__id__": "IT Administrator",
        "name": "e2esvtapi_it_administrator",
        "id": "e2esvtapi_it_administrator",
        "organization": "ist",
        "roles": [
            {
                "name": "Policy Administrator",
                "contexts": [
                    {
                        "org": [
                            "org_all"
                        ]
                    }
                ]
            },
            {
                "name": "Audit Admin",
                "contexts": [
                    {
                        "org": [
                            "org_all"
                        ]
                    }
                ]
            },
            {
                "name": "Budget Viewer",
                "contexts": [
                    {
                        "org": [
                            "org_all"
                        ]
                    }
                ]
            },
            {
                "name": "Audit Viewer",
                "contexts": [
                    {
                        "org": [
                            "org_all"
                        ]
                    }
                ]
            },
            {
                "name": "CAM Admin",
                "contexts": [
                    {
                        "org": [
                            "org_all"
                        ]
                    }
                ]
            },
            {
                "name": "CAM Support Admin",
                "contexts": [
                    {
                        "org": [
                            "org_all"
                        ]
                    }
                ]
            },
            {
                "name": "System Admin",
                "contexts": [
                    {
                        "org": [
                            "org_all"
                        ]
                    }
                ]
            },
            {
                "name": "Order Administrator",
                "contexts": [
                    {
                        "org": [
                            "org_all"
                        ]
                    }
                ]
            },
            {
                "name": "User Admin",
                "contexts": [
                    {
                        "org": [
                            "org_all"
                        ]
                    }
                ]
            },
            {
                "name": "Provider Account Admin",
                "contexts": [
                    {
                        "org": [
                            "org_all"
                        ]
                    }
                ]
            },
            {
                "name": "Role Admin",
                "contexts": [
                    {
                        "org": [
                            "org_all"
                        ]
                    }
                ]
            },
            {
                "name": "Tag Schema Admin",
                "contexts": [
                    {
                        "org": [
                            "ist"
                        ]
                    }
                ]
            }

        ],
        "hills": {
            "10.02 Create DRG": null
        },
        "users": [
            "istapi.itadm@gmail.com",
            "e2esvtapi+admin@gmail.com"
        ]
    },
    {
        "__id__": "Billing Analyst",
        "name": "e2esvtapi_billing_analyst",
        "id": "e2esvtapi_billing_analyst",
        "organization": "ist",
        "roles": [
            {
                "name": "Tag Schema Viewer",
                "contexts": [
                    {
                        "org": [
                            "ist"
                        ]
                    }
                ]
            },
            {
                "name": "Budget Administrator",
                "contexts": [
                    {
                        "org": [
                            "ist"
                        ]
                    }
                ]
            },
            {
                "name": "Cost Analyst",
                "contexts": [
                    {
                        "org": [
                            "ist"
                        ]
                    }
                ]
            },
            {
                "name": "Policy Administrator",
                "contexts": [
                    {
                        "org": [
                            "ist"
                        ]
                    }
                ]
            },
            {
                "name": "Pricing Policy Viewer",
                "contexts": [
                    {
                        "org": [
                            "ist"
                        ]
                    }
                ]
            },
            {
                "name": "Pricing Policy Administrator",
                "contexts": [
                    {
                        "org": [
                            "ist"
                        ]
                    }
                ]
            }
        ],
        "hills": {
            "03.01 Create Pricing Rule": null,
            "03.01 Verify Pricing rule": null
        },
        "users": [
            "istapi.billing.analyst@gmail.com"
        ]
    }
]