[
    {
        "__id__": "admin",
        "id": "e2esvtapi+admin@gmail.com",
        "password": "gAAAAABdAmWzDFfNOST_dUBGQlXX5BTPJIqcR79sXFbnuQHVNYyQVxzUHwGiqSqnvns4_7UepfKUYCiaaI_XroBgBl-UTzADqg==",
        "api_key": null,
        "first_name": "admin",
        "middle_name": "etwoe",
        "last_name": "gmail",
        "emails": [
            "e2esvtapi+admin@gmail.com"
        ]
    },
    {
        "__id__": "app_developer",
        "id": "istapi.app.developer@gmail.com",
        "password": "gAAAAABdAmWzv36lNtxOMJNDlxr6clK2KVlqiUrmsuVBQvywCkA4elIC7nXKziju-S_ona3ZMyBjGLZPoOvoyP1WJtWusVYGfw==",
        "api_key": null,
        "first_name": "buyer",
        "middle_name": "etwoe",
        "last_name": "gmail",
        "emails": [
            "istapi.app.developer@gmail.com"
        ]
    },
    {
        "__id__": "development_manager",
        "id": "istapi.development.manager@gmail.com",
        "password": "gAAAAABdAmWzv36lNtxOMJNDlxr6clK2KVlqiUrmsuVBQvywCkA4elIC7nXKziju-S_ona3ZMyBjGLZPoOvoyP1WJtWusVYGfw==",
        "api_key": null,
        "first_name": "technicalapprover",
        "middle_name": "etwoe",
        "last_name": "gmail",
        "emails": [
            "istapi.development.manager@gmail.com"
        ]
    },
    {
        "__id__": "it_finance_manager",
        "id": "istapi.it.financial.manager@gmail.com",
        "password": "gAAAAABdAmWzuTh3HoEWyKdMr-x5ao3FnPFh_r5fH3Nyirne7ls0PwwAVBqn3yZ9M1z8BK2rPHKLomEjonAZVDfl8JiGqXNXEw==",
        "api_key": null,
        "first_name": "financialapprover",
        "middle_name": "etwoe",
        "last_name": "gmail",
        "emails": [
            "istapi.it.financial.manager@gmail.com"
        ]
    },
    {
        "__id__": "it_ops_manager",
        "id": "istapi.it.operations.manager@gmail.com",
        "password": "gAAAAABgGwpimkr6IO4tHXg2k1cu25_e10drA_TiLGbHUE_vwd7cfmAr0-vU4SnN1bkkGT-01pMBob1OKmDs1wWJMLiStRKC2Q==",
        "api_key": null,
        "first_name": "itoperationsmanager",
        "middle_name": "etwoe",
        "last_name": "gmail",
        "emails": [
            "istapi.it.operations.manager@gmail.com"
        ]
    },
    {
        "__id__": "it_administrator",
        "id": "istapi.itadm@gmail.com",
        "password": "gAAAAABgGwpimkr6IO4tHXg2k1cu25_e10drA_TiLGbHUE_vwd7cfmAr0-vU4SnN1bkkGT-01pMBob1OKmDs1wWJMLiStRKC2Q==",
        "api_key": null,
        "first_name": "itadministrator",
        "middle_name": "etwoe",
        "last_name": "gmail",
        "emails": [
            "istapi.itadm@gmail.com"
        ]
    },
    {
        "__id__": "billing_analyst",
        "id": "istapi.billing.analyst@gmail.com",
        "password": "gAAAAABgGwpimkr6IO4tHXg2k1cu25_e10drA_TiLGbHUE_vwd7cfmAr0-vU4SnN1bkkGT-01pMBob1OKmDs1wWJMLiStRKC2Q==",
        "api_key": null,
        "first_name": "billinganalyst",
        "middle_name": "etwoe",
        "last_name": "gmail",
        "emails": [
            "istapi.billing.analyst@gmail.com"
        ]
    }
]
