[
    {
        "type_id": "app",
        "type_name": "Application",
        "display_order": 99,
        "type_values": [
            {
                "id": "awsApp",
                "name": "awsApp"
            },
            {
                "id": "awsPolicyApp",
                "name": "awsPolicyApp"
            },
            {
                "id": "azureAPP",
                "name": "azureAPP"
            },
            {
                "id": "gcpApp",
                "name": "gcpApp"
            },
            {
                "id": "policyApp",
                "name": "policyApp"
            },
            {
                "id": "privCld_MultiUserApp",
                "name": "privCld_MultiUserApp"
            },
            {
                "id": "slApp",
                "name": "slApp"
            }
        ]
    },
    {
        "type_id": "env",
        "type_name": "Environment",
        "display_order": 100,
        "type_values": [
            {
                "id": "awsEnv",
                "name": "awsEnv"
            },
            {
                "id": "awsPolicyEnv",
                "name": "awsPolicyEnv"
            },
            {
                "id": "azureENV",
                "name": "azureENV"
            },
            {
                "id": "gcpEnv",
                "name": "gcpEnv"
            },
            {
                "id": "policyEnv",
                "name": "policyEnv"
            },
            {
                "id": "privCld_MultiUserEnv",
                "name": "privCld_MultiUserEnv"
            },
            {
                "id": "slEnv",
                "name": "slEnv"
            }
        ]
    }
]