{
    "azure": [
        {
            "master_name": "",
            "master_ref_id": null,
            "advanced_info": {
                "ea_account_id": "$config"
            },
            "credential_accounts": [],
            "assets": [
                {
                    "asset_ref_id": null,
                    "asset_name": "azure-TEAM1",
                    "advanced_info": {
                        "subscriptionID": "$config.subscriptionIDUi",
                        "tenantID": "$config",
                        "offerID": "$config"
                    },
                    "credential_accounts": [
                        {
                            "name": "azure-TEAM1",
                            "credential_ref_id": null,
                            "purpose": [
                                "provisioning",
                                "assetIngestion"
                            ],
                            "password_fields": {
                                "clientId": "$config._clientIdUi",
                                "secret": "$config._secretUi",
                                "appId": null,
                                "cspKey": null,
                                "domain": null
                            },
                            "context": {
                                "env": [
                                    "!none!",
                                    "azureENV"
                                ],
                                "app": [
                                    "!none!",
                                    "azureAPP"
                                ],
                                "team": [
                                    "Auto-TEAM1"
                                ]
                            }
                        }
                    ]
                }
            ]
        },
        {
            "master_name": "",
            "master_ref_id": null,
            "advanced_info": {
                "ea_account_id": "$config"
            },
            "credential_accounts": [],
            "assets": [
                {
                    "asset_ref_id": null,
                    "asset_name": "azure-qa",
                    "advanced_info": {
                        "subscriptionID": "$config.subscriptionIDUi",
                        "tenantID": "$config",
                        "offerID": "$config"
                    },
                    "credential_accounts": [
                        {
                            "name": "azure-qa",
                            "credential_ref_id": null,
                            "purpose": [
                                "provisioning",
                                "assetIngestion"
                            ],
                            "password_fields": {
                                "clientId": "$config._clientIdUi",
                                "secret": "$config._secretUi",
                                "appId": null,
                                "cspKey": null,
                                "domain": null
                            },
                            "context": {
                                "env": [
                                    "!none!",
                                    "azureENV"
                                ],
                                "app": [
                                    "!none!",
                                    "azureAPP"
                                ],
                                "team": [
                                    "Auto-TEAM1"
                                ]
                            }
                        }
                    ]
                }
            ]
        },
        {
            "master_name": "",
            "master_ref_id": null,
            "advanced_info": {
                "ea_account_id": "$config"
            },
            "credential_accounts": [],
            "assets": [
                {
                    "asset_ref_id": null,
                    "asset_name": "azure-budget",
                    "advanced_info": {
                        "subscriptionID": "$config.subscriptionIDUi",
                        "tenantID": "$config",
                        "offerID": "$config"
                    },
                    "credential_accounts": [
                        {
                            "name": "azure-budget",
                            "credential_ref_id": null,
                            "purpose": [
                                "provisioning",
                                "assetIngestion"
                            ],
                            "password_fields": {
                                "clientId": "$config._clientIdUi",
                                "secret": "$config._secretUi",
                                "appId": null,
                                "cspKey": null,
                                "domain": null
                            },
                            "context": {
                                "env": [
                                    "azureENV"
                                ],
                                "app": [
                                    "azureAPP"
                                ],
                                "team": [
                                    "budgetTEAM1"
                                ]
                            }
                        }
                    ]
                }
            ]
        }
    ],
    "aws": [
        {
            "master_name": "",
            "master_ref_id": null,
            "advanced_info": {
                "accountNumber": "$config.accountNumberMaster",
                "report_path": "$config",
                "s3Bucket": "$config"
            },
            "credential_accounts": [],
            "assets": [
                {
                    "asset_ref_id": null,
                    "asset_name": "AWS-TEAM1",
                    "advanced_info": {
                        "accountNumber": "$config.accountNumberAssetUi"
                    },
                    "credential_accounts": [
                        {
                            "name": "AWS-TEAM1",
                            "credential_ref_id": null,
                            "purpose": [
                                "provisioning",
                                "assetIngestion"
                            ],
                            "password_fields": {
                                "accessKey": "$config._accessKeyUi",
                                "secretKey": "$config._secretKeyUi"
                            },
                            "context": {
                                "team": [
                                    "Auto-TEAM1"
                                ],
                                "env": [
                                    "!none!",
                                    "awsEnv"
                                ],
                                "app": [
                                    "!none!",
                                    "awsApp"
                                ]
                            }
                        }
                    ]
                }
            ]
        },
        {
            "master_name": "",
            "master_ref_id": null,
            "advanced_info": {
                "accountNumber": "$config.accountNumberMaster",
                "report_path": "$config",
                "s3Bucket": "$config"
            },
            "credential_accounts": [],
            "assets": [
                {
                    "asset_ref_id": null,
                    "asset_name": "AWSQA-TEAM1",
                    "advanced_info": {
                        "accountNumber": "$config.accountNumberAssetUi"
                    },
                    "credential_accounts": [
                        {
                            "name": "AWSQA-TEAM1",
                            "credential_ref_id": null,
                            "purpose": [
                                "provisioning",
                                "assetIngestion"
                            ],
                            "password_fields": {
                                "accessKey": "$config._accessKeyUi",
                                "secretKey": "$config._secretKeyUi"
                            },
                            "context": {
                                "team": [
                                    "Auto-TEAM1"
                                ],
                                "env": [
                                    "!none!",
                                    "awsEnv"
                                ],
                                "app": [
                                    "!none!",
                                    "awsApp"
                                ]
                            }
                        }
                    ]
                }
            ]
        },
        {
            "master_name": "",
            "master_ref_id": null,
            "advanced_info": {
                "accountNumber": "$config.accountNumberMaster",
                "report_path": "$config",
                "s3Bucket": "$config"
            },
            "credential_accounts": [],
            "assets": [
                {
                    "asset_ref_id": null,
                    "asset_name": "awsBudget",
                    "advanced_info": {
                        "accountNumber": "$config.accountNumberAssetUi"
                    },
                    "credential_accounts": [
                        {
                            "name": "awsBudget",
                            "credential_ref_id": null,
                            "purpose": [
                                "provisioning",
                                "assetIngestion"
                            ],
                            "password_fields": {
                                "accessKey": "$config._accessKeyUi",
                                "secretKey": "$config._secretKeyUi"
                            },
                            "context": {
                                "team": [
                                    "budgetTEAM1",
                                    "budgetTEAM2"
                                ],
                                "env": [
                                    "awsEnv"
                                ],
                                "app": [
                                    "awsApp"
                                ]
                            }
                        }
                    ]
                }
            ]
        }
    ],
    "gcp": [
        {
            "master_name": "",
            "master_ref_id": null,
            "advanced_info": {
                "projectName": "$config",
                "projectId": "$config",
                "serviceAccountName": "$config",
                "bucket": "$config",
                "billing_report_prefix": "$config",
                "account_number": "$config"
            },
            "credential_accounts": [],
            "assets": [
                {
                    "asset_ref_id": null,
                    "asset_name": "gcpQA-TEAM1",
                    "advanced_info": {
                        "projectName": "$config",
                        "projectId": "$config",
                        "serviceAccountName": "$config",
                        "bucket": "$config",
                        "usage_report_prefix": "$config"
                    },
                    "credential_accounts": [
                        {
                            "name": "gcpQA-TEAM1",
                            "credential_ref_id": null,
                            "purpose": [
                                "provisioning",
                                "assetIngestion"
                            ],
                            "password_fields": {
                                "serviceKey": "$config._serviceKeyUi"
                            },
                            "context": {
                                "team": [
                                   "Auto-TEAM1"
                                ],
                                "env": [
                                    "!none!",
                                    "gcpEnv"
                                ],
                                "app": [
                                    "!none!",
                                    "gcpApp"
                                ]
                            }
                        }
                    ]
                }
            ]
        },
        {
            "master_name": "",
            "master_ref_id": null,
            "advanced_info": {
                "projectName": "$config",
                "projectId": "$config",
                "serviceAccountName": "$config",
                "bucket": "$config",
                "billing_report_prefix": "$config",
                "account_number": "$config"
            },
            "credential_accounts": [],
            "assets": [
                {
                    "asset_ref_id": null,
                    "asset_name": "gcp-TEAM1",
                    "advanced_info": {
                        "projectName": "$config",
                        "projectId": "$config",
                        "serviceAccountName": "$config",
                        "bucket": "$config",
                        "usage_report_prefix": "$config"
                    },
                    "credential_accounts": [
                        {
                            "name": "gcp-TEAM1",
                            "credential_ref_id": null,
                            "purpose": [
                                "provisioning",
                                "assetIngestion"
                            ],
                            "password_fields": {
                                "serviceKey": "$config._serviceKeyUi"
                            },
                            "context": {
                                "team": [
                                    "Auto-TEAM1"
                                ],
                                "env": [
                                    "!none!",
                                    "gcpEnv"
                                ],
                                "app": [
                                    "!none!",
                                    "gcpApp"
                                ]
                            }
                        }
                    ]
                }
            ]
        },
        {
            "master_name": "",
            "master_ref_id": null,
            "advanced_info": {
                "projectName": "$config",
                "projectId": "$config",
                "serviceAccountName": "$config",
                "bucket": "$config",
                "billing_report_prefix": "$config",
                "account_number": "$config"
            },
            "credential_accounts": [],
            "assets": [
                {
                    "asset_ref_id": null,
                    "asset_name": "gcpBudget",
                    "advanced_info": {
                        "projectName": "$config",
                        "projectId": "$config",
                        "serviceAccountName": "$config",
                        "bucket": "$config",
                        "usage_report_prefix": "$config"
                    },
                    "credential_accounts": [
                        {
                            "name": "gcpBudget",
                            "credential_ref_id": null,
                            "purpose": [
                                "provisioning",
                                "assetIngestion"
                            ],
                            "password_fields": {
                                "serviceKey": "$config._serviceKeyUi"
                            },
                            "context": {
                                "env": [
                                    "gcpEnv"
                                ],
                                "app": [
                                    "gcpApp"
                                ],
                                "team": [
                                    "budgetTEAM1",
                                    "budgetTEAM2"
                                ]
                            }
                        }
                    ]
                }
            ]
        },
        {
            "master_name": "",
            "master_ref_id": null,
            "advanced_info": {
                "projectName": "$config",
                "projectId": "$config",
                "serviceAccountName": "$config",
                "bucket": "$config",
                "billing_report_prefix": "$config",
                "account_number": "$config"
            },
            
    "ibmcloud": [
        {
            "master_name": "",
            "master_ref_id": null,
            "advanced_info": {
                "accountNumber": "$config"
            },
            "credential_accounts": [],
            "assets": [
                {
                    "asset_ref_id": null,
                    "asset_name": "softlayer-automation-TEAM1",
                    "advanced_info": {
                        "accountNumber": "$config"
                    },
                    "credential_accounts": [
                        {
                            "name": "softlayer-automation-TEAM1",
                            "credential_ref_id": null,
                            "purpose": [
                                "provisioning",
                                "assetIngestion"
                            ],
                            "password_fields": {
                                "username": "$config._usernameUi",
                                "apiKey": "$config._apiKeyUi",
                                "bxapiKey": null
                            },
                            "context": {
                                "env": [
                                    "!none!",
                                    "slEnv"
                                ],
                                "app": [
                                    "!none!",
                                    "slApp"
                                ],
                                "team": [
                                    "Auto-TEAM1",
                                    "budgetTEAM1",
                                    "budgetTEAM2",
                                    "transferServiceTEAM"
                                ]
                            }
                        }
                    ]
                }
            ]
        },
        {
            "master_name": "",
            "master_ref_id": null,
            "advanced_info": {
                "accountNumber": "$config"
            },
            "credential_accounts": [],
            "assets": [
                {
                    "asset_ref_id": null,
                    "asset_name": "softlayer-automation-TEAM2",
                    "advanced_info": {
                        "accountNumber": "$config"
                    },
                    "credential_accounts": [
                        {
                            "name": "softlayer-automation-TEAM2",
                            "credential_ref_id": null,
                            "purpose": [
                                "provisioning",
                                "assetIngestion"
                            ],
                            "password_fields": {
                                "username": "$config._usernameUi",
                                "apiKey": "$config._apiKeyUi",
                                "bxapiKey": null
                            },
                            "context": {
                                "env": [
                                    "!none!",
                                    "slEnv"
                                ],
                                "app": [
                                    "!none!",
                                    "slApp"
                                ],
                                "org": [
                                    "my_org",
                                    "budgetORG"
                                ]
                            }
                        }
                    ]
                }
            ]
        }
    ]
}
