[
    {
        "__id__": "Super User Team",
        "name": "Auto-TEAM1",
        "id": "Auto-TEAM1",
        "organization": "my_org",
        "roles": [
            {
                "contexts": [
                    {
                        "app": [
                            "app_all",
                            "!none!"
                        ],
                        "env": [
                            "!none!",
                            "env_all"
                        ],
                        "team": [
                            "Auto-TEAM1"
                        ],
                        "org": [
                            "my_org"
                        ]
                    }
                ],
                "name": "Buyer"
            },
            {
                "contexts": [
                    {
                        "team": [
                            "Auto-TEAM1"
                        ]
                    }
                ],
                "name": "Technical Approver"
            },
            {
                "contexts": [
                    {
                        "team": [
                            "Auto-TEAM1"
                        ]
                    }
                ],
                "name": "Financial Approver"
            },
            {
                "contexts": [
                    {
                        "org": [
                            "org_all"
                        ]
                    }
                ],
                "name": "System Admin"
            },
            {
                "contexts": [
                    {
                        "org": [
                            "org_all"
                        ]
                    }
                ],
                "name": "Team Setup Admin"
            },
            {
                "contexts": [
                    {
                        "org": [
                            "org_all"
                        ]
                    }
                ],
                "name": "Policy Administrator"
            },
            {
                "contexts": [
                    {
                        "org": [
                            "org_all"
                        ]
                    }
                ],
                "name": "Audit Viewer"
            },
            {
                "contexts": [
                    {
                        "org": [
                            "org_all"
                        ]
                    }
                ],
                "name": "Audit Admin"
            },
            {
                "contexts": [
                    {
                        "org": [
                            "org_all"
                        ]
                    }
                ],
                "name": "Budget Administrator"
            },
            {
                "contexts": [
                    {
                        "org": [
                            "org_all"
                        ]
                    }
                ],
                "name": "Catalog Administrator"
            },
            {
                "name": "Pricing Policy Administrator",
                "contexts": [
                    {
                        "org": [
                            "org_all"
                        ]
                    }
                ]
            },
            {
                "name": "Action Policy Admin",
                "contexts": [
                    {
                        "org": [
                            "org_all"
                        ]
                    }
                ]
            },
            {
                "name": "Operator",
                "contexts": [
                    {
                        "org": [
                            "my_org"
                        ]
                    }
                ]
            },
            {
                "name": "Service Designer",
                "contexts": [
                    {
                        "team": [
                            "Auto-TEAM1"
                        ],
                        "org": [
                            "my_org"
                        ]
                    }
                ]
            }
        ],
        "users": [
            "transfercart456@gmail.com",
            "uiautomcmpuser@gmail.com"
        ]
    },
    {
        "__id__": "Budget Team",
        "name": "budgetTEAM1",
        "id": "budgetTEAM1",
        "organization": "budgetORG",
        "roles": [
            {
                "name": "Buyer",
                "contexts": [
                    {
                        "org": [
                            "budgetORG"
                        ],
                        "app": [
                            "gcpApp",
                            "awsApp",
                            "slApp",
                            "azureAPP"
                        ],
                        "env": [
                            "gcpEnv",
                            "awsEnv",
                            "azureENV",
                            "slEnv"
                        ],
                        "team": [
                            "budgetTEAM1"
                        ]
                    }
                ]
            },
            {
                "name": "Budget Administrator",
                "contexts": [
                    {
                        "org": [
                            "budgetORG"
                        ]
                    }
                ]
            },
            {
                "name": "System Admin",
                "contexts": [
                    {
                        "org": [
                            "org_all"
                        ]
                    }
                ]
            },
            {
                "name": "Catalog Administrator",
                "contexts": [
                    {
                        "org": [
                            "org_all"
                        ]
                    }
                ]
            }
        ],
        "users": [
            "icbtestbuyer1@gmail.com",
            "uiautomcmpuser@gmail.com"
        ]
    },
    {
        "__id__": "Budget Team 2",
        "name": "budgetTEAM2",
        "id": "budgetTEAM2",
        "organization": "budgetORG",
        "roles": [
            {
                "name": "Buyer",
                "contexts": [
                    {
                        "app": [
                            "awsApp",
                            "azureAPP",
                            "gcpApp",
                            "slApp"
                        ],
                        "env": [
                            "awsEnv",
                            "azureENV",
                            "slEnv",
                            "gcpEnv"
                        ],
                        "team": [
                            "budgetTEAM2"
                        ],
                        "org": [
                            "budgetORG"
                        ]
                    }
                ]
            },
            {
                "name": "Budget Administrator",
                "contexts": [
                    {
                        "org": [
                            "budgetORG"
                        ]
                    }
                ]
            },
            {
                "name": "System Admin",
                "contexts": [
                    {
                        "org": [
                            "org_all"
                        ]
                    }
                ]
            },
            {
                "name": "Financial Approver",
                "contexts": [
                    {
                        "app": [
                            "awsApp",
                            "azureAPP",
                            "gcpApp",
                            "slApp"
                        ],
                        "env": [
                            "awsEnv",
                            "azureENV",
                            "slEnv",
                            "gcpEnv"
                        ],
                        "team": [
                            "budgetTEAM2"
                        ]
                    }
                ]
            },
            {
                "name": "Technical Approver",
                "contexts": [
                    {
                        "app": [
                            "awsApp",
                            "azureAPP",
                            "gcpApp",
                            "slApp"
                        ],
                        "env": [
                            "awsEnv",
                            "azureENV",
                            "slEnv",
                            "gcpEnv"
                        ],
                        "team": [
                            "budgetTEAM2"
                        ]
                    }
                ]
            }
        ],
        "users": [
            "uiautomcmpuser@gmail.com"
        ]
    },
    {
        "__id__": "Budget Viewer",
        "name": "TeamBudgetViewer",
        "id": "TeamBudgetViewer",
        "organization": "budgetORG",
        "roles": [
            {
                "name": "Budget Viewer",
                "contexts": [
                    {
                        "env": [
                            "azureENV"
                        ],
                        "app": [
                            "azureAPP"
                        ],
                        "org": [
                            "budgetORG"
                        ]
                    }
                ]
            }
        ],
        "users": [
            "budgetviewer12@gmail.com"
        ]
    },
    {
        "__id__": "policy TEAM1",
        "name": "policyTEAM1",
        "id": "policyTEAM1",
        "organization": "my_org",
        "roles": [
            {
                "contexts": [
                    {
                        "app": [
                            "policyApp",
                            "awsPolicyApp"
                        ],
                        "env": [
                            "policyEnv",
                            "awsPolicyEnv"
                        ],
                        "team": [
                            "policyTEAM1"
                        ],
                        "org": [
                            "my_org"
                        ]
                    }
                ],
                "name": "Buyer"
            },
            {
                "contexts": [
                    {
                        "org": [
                            "org_all"
                        ]
                    }
                ],
                "name": "System Admin"
            },
            {
                "contexts": [
                    {
                        "org": [
                            "my_org"
                        ]
                    }
                ],
                "name": "Team Setup Admin"
            }
        ],
        "users": [
            "cbadmnauto@outlook.com"
        ]
    },
    {
        "__id__": "Financial Approver",
        "name": "budgetFinancialApprovalTEAM1",
        "id": "budgetFinancialApprovalTEAM1",
        "organization": "my_org",
        "roles": [
            {
                "contexts": [
                    {
                        "app": [
                            "gcpApp",
                            "awsApp",
                            "slApp",
                            "azureAPP",
                            "pvtApp",
                            "policyApp"
                        ],
                        "env": [
                            "gcpEnv",
                            "awsEnv",
                            "azureENV",
                            "slEnv",
                            "pvtEnv",
                            "policyEnv"
                        ],
                        "team": [
                            "budgetFinancialApprovalTEAM1",
                            "policyTEAM1",
                            "budgetTEAM1"
                        ]
                    }
                ],
                "name": "Financial Approver"
            }
        ],
        "users": [
            "uiautomcmpuser@gmail.com",
            "icbfinancialapprover1@gmail.com"
        ]
    },
    {
        "__id__": "Technical Approver",
        "name": "budgetTechnicalApprovalTEAM1",
        "id": "budgetTechnicalApprovalTEAM1",
        "organization": "my_org",
        "roles": [
            {
                "contexts": [
                    {
                        "app": [
                            "gcpApp",
                            "awsApp",
                            "slApp",
                            "azureAPP",
                            "pvtApp",
                            "policyApp"
                        ],
                        "env": [
                            "gcpEnv",
                            "awsEnv",
                            "azureENV",
                            "slEnv",
                            "pvtEnv",
                            "policyEnv"
                        ],
                        "team": [
                            "budgetTechnicalApprovalTEAM1",
                            "policyTEAM1",
                            "budgetTEAM1"
                        ]
                    }
                ],
                "name": "Technical Approver"
            }
        ],
        "users": [
            "uiautomcmpuser@gmail.com",
            "icbtechnicalapprover1@gmail.com"
        ]
    },
    {
        "__id__": "Transfer Service Team",
        "name": "transferServiceTEAM",
        "id": "transferServiceTEAM",
        "organization": "my_org",
        "roles": [
            {
                "name": "Team Setup Admin",
                "contexts": [
                    {
                        "org": [
                            "my_org"
                        ]
                    }
                ]
            },
            {
                "name": "System Admin",
                "contexts": [
                    {
                        "org": [
                            "org_all"
                        ]
                    }
                ]
            },
            {
                "name": "Technical Approver",
                "contexts": [
                    {
                        "org": [
                            "my_org"
                        ]
                    }
                ]
            },
            {
                "name": "Financial Approver",
                "contexts": [
                    {
                        "org": [
                            "my_org"
                        ]
                    }
                ]
            },
            {
                "name": "Catalog Administrator",
                "contexts": [
                    {
                        "org": [
                            "org_all"
                        ]
                    }
                ]
            },
            {
                "name": "Buyer",
                "contexts": [
                    {
                        "team": [
                            "transferServiceTEAM"
                        ],
                        "org": [
                            "my_org"
                        ]
                    }
                ]
            },
            {
                "name": "Operator",
                "contexts": [
                    {
                        "org": [
                            "my_org"
                        ]
                    }
                ]
            },
            {
                "name": "Service Designer",
                "contexts": [
                    {
                        "team": [
                            "transferServiceTEAM"
                        ],
                        "org": [
                            "my_org"
                        ]
                    }
                ]
            }
        ],
        "users": [
            "icbtestbuyer1@gmail.com"
        ]
    },
    {
        "__id__": "Operator Admin",
        "name": "TeamOperatorUser",
        "id": "TeamOperatorUser",
        "organization": "my_org",
        "roles": [
            {
                "name": "Operator",
                "contexts": [
                    {
                        "env": [
                            "!none!"
                        ],
                        "app": [
                            "!none!"
                        ],
                        "team": [
                            "TeamOperatorUser",
                            "Auto-TEAM1"
                        ]
                    }
                ]
            }
        ],
        "users": [
            "operatoruser890@gmail.com"
        ]
    }
]
