[
    {
        "__id__": "admin",
        "id": "uiautomcmpuser@gmail.com",
        "password": null,
        "api_key": null,
        "first_name": "uiautomcmpuser",
        "middle_name": "",
        "last_name": "uiautomcmpuser",
        "display_name": "",
        "emails": [
            "uiautomcmpuser@gmail.com"
        ]
    },
    {
        "__id__": "budget_viewer",
        "id": "budgetviewer12@gmail.com",
        "password": null,
        "api_key": null,
        "first_name": "BudgetViewer",
        "middle_name": "",
        "last_name": "BudgetViewer",
        "display_name": "",
        "emails": [
            "budgetviewer12@gmail.com"
        ]
    },
    {
        "__id__": "budget_buyer",
        "id": "icbtestbuyer1@outlook.com",
        "password": null,
        "api_key": null,
        "first_name": "TestBuyer1",
        "middle_name": "",
        "last_name": "TestBuyer1",
        "display_name": "",
        "emails": [
            "icbtestbuyer1@outlook.com"
        ]
    },
    {
        "__id__": "cbadmn_auto",
        "id": "cbadmnauto@outlook.com",
        "password": null,
        "api_key": null,
        "first_name": "cbadmnauto",
        "middle_name": "",
        "last_name": "",
        "display_name": "cbadmnauto",
        "emails": [
            "cbadmnauto@outlook.com"
        ]
    },
    {
        "__id__": "it_financial_manager",
        "id": "icbfinancialapprover1@gmail.com",
        "password": null,
        "api_key": null,
        "first_name": "TestFinancialApprover",
        "middle_name": "",
        "last_name": "TestFinancialApprover",
        "display_name": "",
        "emails": [
            "icbfinancialapprover1@gmail.com"
        ]
    },
    {
        "__id__": "it_ops_manager",
        "id": "ioperatoruser890@outlook.com",
        "password": null,
        "api_key": null,
        "first_name": "operator",
        "middle_name": "",
        "last_name": "user",
        "display_name": "",
        "emails": [
            "operatoruser890@outlook.com"
        ]
    },
    {
        "__id__": "it_technical_manager",
        "id": "icbtechnicalapprover1@gmail.com",
        "password": null,
        "api_key": null,
        "first_name": "TestTechnicalApprover",
        "middle_name": "",
        "last_name": "TestTechnicalApprover",
        "display_name": "",
        "emails": [
            "icbtechnicalapprover1@gmail.com"
        ]
    },
    {
        "__id__": "Transfer_cart_user",
        "id": "transfercart456@gmail.com",
        "password": null,
        "api_key": null,
        "first_name": "TransferCart",
        "middle_name": "",
        "last_name": "TransferCart",
        "display_name": "",
        "emails": [
            "transfercart456@gmail.com"
        ]
    }
]
