{
    "host": "",
    "multitenant": "true",
    "app_user": "cbadmn@outlook.com",
    "team_code": "e2esvtapi_team1",
    "consume_team_code": "e2esvtapi_",
    "org_value": "SVT_API",
    "org_code": "svt_api",
    "admin_user": "",
    "apikey": "",
    "load_icam": "false",
    "load_cloudforms": "false",
    "load_aws": "false",
    "aws_offering_subset": ".",
    "aws_overwrite_strategy": "OVERWRITE",
    "aws_skip_template_validation": "false",
    "load_azure": "false",
    "azure_offering_subset": ".",
    "aws_accesskey": "$config._accessKey",
    "aws_secret": "$config._secretKey",
    "aws_provider_code": "aws",
    "aws_provider_type": "aws",
    "aws_provider_name": "Amazon",
    "azure_tenantid": "$config.tenantID",
    "azure_subscriptionid": "$config.subscriptionID",
    "azure_accesskey": "$config._clientId",
    "azure_secret": "$config._secret",
    "azure_offerid": "$config.offerID",
    "azure_overwriteStrategy": "OVERWRITE",
    "azure_ignorePriceErrors": "TRUE",
    "load_ibmcloud": "false",
    "ibmcloud_offering_subset": ".",
    "ibmcloud_username": "$config._username",
    "ibmcloud_apikey": "$config._apiKey",
    "ibmcloud_bx_apikey": "$config._bxapiKey",
    "ibmcloud_provider_code": "ibmcloud",
    "setup_blueid": "true",
    "load_gcp": "false",
    "gcp_offering_subset": ".",
    "gcp_overwrite_strategy": "OVERWRITE",
    "gcp_projectid": "$config.projectId",
    "gcp_servicekey": "$config._serviceKey",
    "cb_provisioning_template_branch": "master",
    "gcp_account_name": "bootstrap_e2esvtapi_google",
    "gcp_project_name": "$config.projectName",
    "gcp_service_account_name": "$config.serviceAccountName",
    "load_test": "false",
    "load_imi": "false",
    "load_aws_service_provider_metadata": "false",
    "load_azure_service_provider_metadata": "false",
    "load_ibm_service_provider_metadata": "false",
    "load_google_service_provider_metadata": "false",
    "load_icd_service_provider_metadata": "false",
    "load_snow_service_provider_metadata": "false",
    "load_vra_service_provider_metadata": "false",
    "load_icds_service_provider_metadata": "false",
    "aws_provider_account_name": "bootstrap_e2esvtapi_aws",
    "azr_provider_account_name": "bootstrap_e2esvtapi_azure",
    "azr_provider_credential_name": "bootstrap_e2esvtapi_buyer_azure",
    "ibmcloud_provider_account_name": "bootstrap_e2esvtapi_ibmcloud",
    "ibmcloud_provider_credential_name": "bootstrap_e2esvtapi_buyer_ibmcloud",
    "gcp_provider_account_name": "bootstrap_e2esvtapi_google",
    "gcp_apikey": "",
    "gcp_provider_code": "gcp",
    "smtp_user": "developer-emails",
    "smtp_server": "smtp.sendgrid.net",
    "smtp_port": 465,
    "smtp_password": "7ZxdsYVfdfhTMGb8tpVr",
    "sso_file_path": "openid_sso_sample.json",
    "default_currency_code": "USD",
    "add_d2ops_provider_configuration": "true",
    "setup_external_context_adapter": "true",
    "external_context_adapter_filepath": "sample_external_context_adapter.json",
    "cb_core_auth_branch": "master",
    "load_alicloud": "false",
    "load_vra": "false",
    "alicloud_provider_account_name": "",
    "alicloud_provider_credential_name": "",
    "load_alicloud_service_provider_metadata": "true",
    "alicloud_overwrite_strategy": "OVERWRITE",
    "alicloud_accesskey": "",
    "alicloud_secret": "",
    "alicloud_add_billing": "false",
    "standalone_cloudforms": false,
    "clean_up_workspace": "true"
}