{
    "azure_subscriptions":[        
        {
            "sub_id": "ecf02500-9ab2-4ff7-a880-11de745906d6",
            "client_id": "182c8486-14c2-47de-b817-8e3980f9e365",
            "client_secret_key": "gAAAAABjfv9RYcZSwBqRBHlvVpX0cdRmT3rE9QEku5t7HmtetuXJpby9CtN8Qai4Z0pT7Z-LvyQ6Jy7xzTiiKImVhHkR_QlYP5nGDW8i2M0BBDu0z9sWDT_ZvtFBZL0r8rdAwsa6FEzP",
            "tenant_id": "eff7f985-dc58-4935-a906-050609be85c3",
            "sub_name": "UI-API-Automation"
        },
        {
            "sub_id": "311be5cb-fde0-4f94-887f-1f88c116dc45",
            "client_id": "52664c00-c9f4-488c-ae1f-3bb42de9f878",
            "client_secret_key": "gAAAAABimhgQ1VVuZtD0rnHiXg7Y8zNASpfyB8_YKJdcvAcOoyVjF6I-zP90XteOPao4BwOudn6yTRQi6onEL24tBujjYxiVKTsVMiyq9Baj3MwXwaXdTai_Rju0zcK-rlHUxsUMmcE-",
            "tenant_id": "eff7f985-dc58-4935-a906-050609be85c3",
            "sub_name": "Integrated System Test"
        },
        {
            "sub_id": "e55f3ab9-8f34-416e-a2e0-4a77a6da1cc6",
            "client_id": "4a5c3ed8-83d3-4bda-9f31-39129ab2f4b6",
            "client_secret_key": "gAAAAABifjTjHt8boR5Drzr-ZQzPSVYGa7rHTHsh5aQBPjx32bI_kCigSi8PhN9Rordgk3hQ1k0G9U4EEYkWj3XkdAuTRk7iSHKT_jEcL9VBszYSTX8HVdlJmjL7Qy4EuVW1y5Ewwwnw",
            "tenant_id": "eff7f985-dc58-4935-a906-050609be85c3",
            "sub_name": "SNOW-MCMP-Test"
        }
    ],
    "azure_subscriptions_devsecops": [
        {
            "sub_id": "a87674c1-943b-41bd-8080-77d91c02bfab",
            "client_id": "182c8486-14c2-47de-b817-8e3980f9e365",
            "client_secret_key": "gAAAAABkgW015wCa3ugUFXLMujIW-fSrjCq80gm5lz4Nyk7cIRAlXF4DO_tktVwF00k3JCiVBvHSNVqVSDa7wBpCcaSb1W50BkWSn9O_s3daPwdIzFTGCaydS7b3RtMBK_JtcFiqZ4u-",
            "tenant_id": "eff7f985-dc58-4935-a906-050609be85c3",
            "sub_name": "Modern-Ops-Devsecops"
        }
    ]
}
