{
    "mo_sign_in_direct_url": "/api/iam/v4/signin/identityproviders?redirect_url=/",
    "main_user": {
        "user": "uiautomouser@gmail.com",
        "password": "gAAAAABhXwL0ZO0TPo8Jj_QaggRFGcJtzop8ALsccHvYW_BK3lSEGpyxM5dzIi8WT8iOOG5LgU7ToiAKBzbdEIszgtaPlLb-Qw==",
        "user_id": "5f730765871a064e675c35a0",
        "apikey": "gAAAAABhjV941zluAIWb7XhuOvOnohz8eiAwp1p-MC1mcmPdDpM62HylEPgWXrtzaA1rmRBr7YdPZ_CfpJYk4lXAIANzPwd5RVXZoHNmLU5CKinH2bQ5kPM0TczyOzcfGufOE-b0ZgJC",
        "secret": "BZYFYIIEGERNUZ7A"
    },
    "kyn_user": {
        "Automation": {
            "user": "QA.QA.Automation@kyndryl.com",
            "password": "gAAAAABlP01yA_6SM26u4SSSMvZp2ska4ABoojXkQortU3eUpiTa6oFZrc9A8M_1Z5RsxJgr-VpO6Nc2E8jZxHjc3nL-lsHY5KifbdHyMasIWHsEI3NysFQ=",
            "secret": "gAAAAABkXfkhTBA5WfbnMeQeLI4pYMIvKTkf_3E8Ddw1XK5XrYe-lMZBpHCRQbERM98Vuozcajoalm_zMxLnSnT5RqP7vbrfK2agHRe2CmzLd_J4PC1D-Rk="
        },
        "Shweta": {
            "user": "Shweta.Sharma8@kyndryl.com",
            "password": "gAAAAABlCTX3mUo4cOxXv6y9FKzxHXa7wJgUDZDi88OqY6r0YMtoVGKqGmJIF2jDI3cUHUWlOPpkKY7OG6WZsfhdOgMNnpRsDhsyzE3RJW_GDMuSgK6L-Sk=",
            "secret": "gAAAAABkL7_bSvpYWeWi8G0obfGi2kr3Bpk9BVjsFf8cP0sSc0h7oVkCl0mWHxkx9a5z8YKPU7MKHSXaP7a0lra7qIcxq67dSGxtpR9Ffp4fqhZJVUz3Qm0="
        },
        "Mahendra": {
            "user": "Mahendra.Selukar@kyndryl.com",
            "password": "gAAAAABkUKzI9SeRneu-a3zoGhMVL3lm3KO-tqxxgz5aBVA4Ir3ZSrHt9jUcciTNF5UT_jk1m2igvCJD2hE7pAKM75TBQO1jQQ==",
            "secret": "gAAAAABkLQ0F6Tdi6_m9w4kssyyIziywHRXrxxiyWpRe-ecXWD6gxY2iebLebmpZleDJUObbuQzKZUMjA4ZmXaUasAg-NwjM6fYsZd4EDLJInKkGZZmgq8o="
        },
        "Mohan": {
            "user": "mohankumar.b@kyndryl.com",
            "password": "gAAAAABkPFPlH5ojExgs4M6Er7gaXNRgNkG3ynEkXL6_YRPwaQN7cfxm3MWuetbY0PKw6WRjD6ezaj2zpjH47rWtJ0TRaPJ3_g==",
            "secret": "gAAAAABkL8SYGwlwnWE7gCAHs2WJsfcm6YAblK0mjLyzXmVY0FU1tstMz3N3O7jjZy0dtXOCgNom8dJIXexNrCQuGF2phwSHrC9yayOVQWByzGcy718_vpE="
        },
        "Rubal": {
            "user": "rubal.shukla@kyndryl.com",
            "password": "gAAAAABkWPKghGj2yFGMc6zhK7eTzj0aLK_SgZhJIemSZKIElztcJ93RtppinGiWroL9ELFTI9ncxQ2Eu44qkJY5J5AXbn4HlwmsW_HntOJt6l3GTJfN6_4=",
            "secret": "gAAAAABkL8RqRqWi5p-KYOxcfcQexd2fnxJyS7SYh5fzeoNGnIn0XYrvcMiyna4JszFDazOSjM9iBF3bOZXV5eVEpRLvCCIfYdt5zny7qaMS3FRUCQ_j2K8="
        },
        "Manasa": {
            "user": "manasa.palaksha@kyndryl.com",
            "password": "gAAAAABkvk1ga7NUNTnKoSMt2i8Icuj7pFVbGucSqY-pGGzhxiwgSy1H2EZe_R4DVmHlr0va71-tReSaXjBEJYXXJxSTeI9sZTjLq9e-J0KU5t6ShyVQL08=",
            "secret": "gAAAAABkN44aIG54yLfGbeUrjSXAJSvucYsmLnvtXBcUIjWx_IuNroNwVSyrdc7-8B3viyui36TIGvUstiARV63U25wn3Fq2iOXdRpoxemnDZmyLrIeMMc0="
        }
    },
    "buyer_user": {
        "user": "icbtestbuyer2@gmail.com",
        "password": "gAAAAABhf9oWX1_NbfsGQVkAsPKn75weO6UA-4BfCUUgqaMhfjyo6ElIAwIvhAlaQsPFBZLpePHOpHnxqoel3BwvTNSMEttNcw==",
        "secret": "YAALF2DQH4UNSWZ3"
    },
    "technical_user": {
        "user": "icbtechnicalapprover1@gmail.com",
        "password": "gAAAAABhf9nULdx1oM_doiHH6O0sauOTzMGmW_FMZcml5Xf5OiHkLrtaGCZo3sfkf7eS67tT97CS2sv0mF6CeHO9m-fJsM9-Bw==",
        "secret": "7FH77WIKUUB5MRGR"
    },
    "financial_user": {
        "user": "icbfinancialapprover1@gmail.com",
        "password": "gAAAAABhf9nULdx1oM_doiHH6O0sauOTzMGmW_FMZcml5Xf5OiHkLrtaGCZo3sfkf7eS67tT97CS2sv0mF6CeHO9m-fJsM9-Bw==",
        "secret": "3O54L3SWY6L3MAAZ"
    },
    "transfer_user": {
        "user": "transfercart456@gmail.com",
        "password": "gAAAAABhX1HeJEazopaiN-oiHfNWNr6dNbzSTVRnBqAHLOndT5IO9rLVsqi7UkaRzEKWw0uCbmsphV0dsu2C5HGEIEtyxEa3Bw==",
        "secret": "D66FUX7MNKJW35ZS"
    },
    "budget_viewer_user": {
        "user": "budgetviewer12@gmail.com",
        "password": "gAAAAABheBzk76amnuyLNoWl_aX7h4qefwfy5sUerB8lKyNHkxhJ5LqYUSgorXzyncANGH2UVuI5vzSFCJB4sKK19kg6xVF9kw==",
        "secret": "YPOULNYPQMFONY7T"
    },
    "snow_qs_v2_user": {
        "user": "manasa.palaksha@kyndryl.com",
        "user_id": "612c94fbf219877ae4355936",
        "apikey": "gAAAAABhjOkRfGYoVX2-NCkr6V1iCVi_PRC-2czT2ksy67hxNP5LkBN2kPhCPk3HdjZQ8ixyIFDbiK3cxJ5hoSe7hJJkFp_SDaCpvvUWfihZsn1nNlWeMjFoV2PjAysnvufYYQWEikjm"
    },
    "snow_v3_test1_aws_user": {
        "user": "manasa.palaksha@kyndryl.com",
        "user_id": "628750a8e7d9534156737c45",
        "apikey": "gAAAAABijwS7ti6rP31IJWEtqFGafzdF0k_o1fNjTKJigplXBxY4lQ5Ga5VyUBQuNKZu9IG6m1AZeAEpbUJka6g03xMEC8VoKxb-5CVzLLFwg6NRVCQjkCwS07YRFxmL0JWRfsaahUnf"
    },
    "snow_v2_test1_aws_user": {
        "user": "manasa.palaksha@kyndryl.com",
        "user_id": "6287946be7d9534156737c9a",
        "apikey": "gAAAAABijwVRsSYLU8Po1o2OJUM9vA6WhKxMKgzudZ-7nbwIbHn_UdpR1cgEPM8R-VEsCkRtbKUlYIuY7fEXaKsqPS_6DWEfqdMA72yKQ0cPE8tPYYir_NFu6hoJOPq9JGV2RNAeUR37"
    },
    "snow_v3_ct_dev2fra_user": {
        "user": "manasa.palaksha@kyndryl.com",
        "user_id": "62b0145268b71885ec36a4a9",
        "apikey": "gAAAAABiu890fU-hqkgQRbUx-KTPpzmtEC7amotr7el8uAeb-7cppByqsvXC7rM2vq24C1aWEFJiBQeLEcmNZkllpnXbnkjey-dreWm6wCe1tWMWo9j0ve6ShFWsInrXu5l1YFGpQyx4"
    },
    "snow_qs_icds_user": {
        "user": "manasa.palaksha@kyndryl.com",
        "user_id": "6128e41c25816aea5bece110",
        "apikey": "gAAAAABh1T02k1EebOQwMY8W4wc_c-JSm1L6k-ovdHfRBkCELMf4WLSTE00Jfhe85dr9YSMcYD4iCpsgC92g7Lu1tZKu5lcHIXRT3zCD2oDWal_aJuBqHlMR-AO0sDt_muvumSKi8gFF"
    },
    "master_sp_kyn_user": {
        "user": "rubal.shukla@kyndryl.com",
        "password": "gAAAAABj84FxP3F97SeTED6OQ0Ws50p-Ox6FfJBK6atxp5v92R7K3g5nkVWPkHXMQKrmE1rnOljLgLfyXWZtI4OAGdYQlMSbwkYPT9ux0ynGHSG1ap1dZWk="
    },
    "redthread_user_craig": {
        "user": "petstoretutorial+craig@gmail.com",
        "password": "gAAAAABhXwL0ZO0TPo8Jj_QaggRFGcJtzop8ALsccHvYW_BK3lSEGpyxM5dzIi8WT8iOOG5LgU7ToiAKBzbdEIszgtaPlLb-Qw==",
        "secret": "YYLZXAVA4T2MBC7Z"
    },
    "redthread_user_sonya": {
        "user": "petstoretutorial+sonya@gmail.com",
        "password": "gAAAAABhXwL0ZO0TPo8Jj_QaggRFGcJtzop8ALsccHvYW_BK3lSEGpyxM5dzIi8WT8iOOG5LgU7ToiAKBzbdEIszgtaPlLb-Qw==",
        "secret": "SGWOBDCSQKDFP3O2"
    },
    "redthread_user_alvin": {
        "user": "petstoretutorial+alvin@gmail.com",
        "password": "gAAAAABhXwL0ZO0TPo8Jj_QaggRFGcJtzop8ALsccHvYW_BK3lSEGpyxM5dzIi8WT8iOOG5LgU7ToiAKBzbdEIszgtaPlLb-Qw==",
        "secret": "QEAL5U2TBAZO5X32"
    },
    "redthread_user_jane": {
        "user": "petstoretutorial+jane@gmail.com",
        "password": "gAAAAABhXwL0ZO0TPo8Jj_QaggRFGcJtzop8ALsccHvYW_BK3lSEGpyxM5dzIi8WT8iOOG5LgU7ToiAKBzbdEIszgtaPlLb-Qw==",
        "secret": "77Z2R5TUHZU7H7TK"
    }
}
