{
    "aws": [
        {
            "master_name": "",
            "master_ref_id": null,
            "advanced_info": {
                "accountNumber": "$config.accountNumberMaster",
                "report_path": "$config",
                "s3Bucket": "$config"
            },
            "credential_accounts": [],
            "assets": [
                {
                    "asset_ref_id": null,
                    "asset_name": "e2esvtapi_aws_753022563888",
                    "advanced_info": {
                        "accountNumber": "$config.accountNumberAsset"
                    },
                    "credential_accounts": [
                        {
                            "name": "e2esvtapi_buyer_aws",
                            "credential_ref_id": null,
                            "purpose": [
                                "provisioning",
                                "assetIngestion"
                            ],
                            "password_fields": {
                                "accessKey": "$config",
                                "secretKey": "$config"
                            },
                            "context": {
                                "team": [
                                    "e2esvtapi_buyer",
                                    "e2esvtapi_operator"
                                ]
                            }
                        },
                        {
                            "name": "e2esvtapi_purchaser_aws",
                            "credential_ref_id": null,
                            "purpose": [
                                "provisioning",
                                "assetIngestion"
                            ],
                            "password_fields": {
                                "accessKey": "$config",
                                "secretKey": "$config"
                            },
                            "context": {
                                "team": [
                                    "e2esvtapi_purchaser"
                                ]
                            }
                        },
                        {
                            "name": "e2esvtapi_operator_aws",
                            "credential_ref_id": null,
                            "purpose": [
                                "provisioning",
                                "assetIngestion"
                            ],
                            "password_fields": {
                                "accessKey": "$config",
                                "secretKey": "$config"
                            },
                            "context": {
                                "team": [
                                    "e2esvtapi_operator"
                                ]
                            }
                        }
                    ]
                }
            ]
        }
    ],
    "azure": [
        {
            "master_name": "",
            "master_ref_id": null,
            "advanced_info": {
                "ea_account_id": "$config"
            },
            "credential_accounts": [],
            "assets": [
                {
                    "asset_ref_id": null,
                    "asset_name": "e2esvtapi_azure_311be5cb-fde0-4f94-887f-1f88c116dc45",
                    "advanced_info": {
                        "subscriptionID": "$config",
                        "tenantID": "$config",
                        "offerID": "$config"
                    },
                    "credential_accounts": [
                        {
                            "name": "e2esvtapi_buyer_azure",
                            "credential_ref_id": null,
                            "purpose": [
                                "provisioning",
                                "assetIngestion"
                            ],
                            "password_fields": {
                                "clientId": "$config",
                                "secret": "$config",
                                "appId": null,
                                "cspKey": null,
                                "domain": null
                            },
                            "context": {
                                "team": [
                                    "e2esvtapi_buyer",
                                    "e2esvtapi_operator"
                                ]
                            }
                        },
                        {
                            "name": "e2esvtapi_purchaser_azure",
                            "credential_ref_id": null,
                            "purpose": [
                                "provisioning",
                                "assetIngestion"
                            ],
                            "password_fields": {
                                "clientId": "$config",
                                "secret": "$config",
                                "appId": null,
                                "cspKey": null,
                                "domain": null
                            },
                            "context": {
                                "team": [
                                    "e2esvtapi_purchaser"
                                ]
                            }
                        },
                        {
                            "name": "e2esvtapi_operator_azure",
                            "credential_ref_id": null,
                            "purpose": [
                                "provisioning",
                                "assetIngestion"
                            ],
                            "password_fields": {
                                "clientId": "$config",
                                "secret": "$config",
                                "appId": null,
                                "cspKey": null,
                                "domain": null
                            },
                            "context": {
                                "team": [
                                    "e2esvtapi_operator"
                                ]
                            }
                        }
                    ]
                }
            ]
        }
    ],
    "gcp": [
        {
            "master_name": "",
            "master_ref_id": null,
            "advanced_info": {
                "projectName": "$config",
                "projectId": "$config",
                "serviceAccountName": "$config",
                "bucket": "$config",
                "billing_report_prefix": "$config",
                "account_number": "$config"
            },
            "credential_accounts": [],
            "assets": [
                {
                    "asset_ref_id": null,
                    "asset_name": "e2esvtapi_gcp_asset",
                    "advanced_info": {
                        "projectName": "$config",
                        "projectId": "$config",
                        "serviceAccountName": "$config",
                        "bucket": "$config",
                        "usage_report_prefix": "$config"
                    },
                    "credential_accounts": [
                        {
                            "name": "e2esvtapi_buyer_gcp",
                            "credential_ref_id": null,
                            "purpose": [
                                "provisioning",
                                "assetIngestion"
                            ],
                            "password_fields": {
                                "serviceKey": "$config"
                            },
                            "context": {
                                "team": [
                                    "e2esvtapi_buyer"
                                ]
                            }
                        },
                        {
                            "name": "e2esvtapi_purchaser_gcp",
                            "credential_ref_id": null,
                            "purpose": [
                                "provisioning",
                                "assetIngestion"
                            ],
                            "password_fields": {
                                "serviceKey": "$config"
                            },
                            "context": {
                                "team": [
                                    "e2esvtapi_purchaser"
                                ]
                            }
                        },
                        {
                            "name": "e2esvtapi_operator_gcp",
                            "credential_ref_id": null,
                            "purpose": [
                                "provisioning",
                                "assetIngestion"
                            ],
                            "password_fields": {
                                "serviceKey": "$config"
                            },
                            "context": {
                                "team": [
                                    "e2esvtapi_operator"
                                ]
                            }
                        }
                    ]
                }
            ]
        }
    ],
    "ibmcloud": [
        {
            "master_name": "",
            "master_ref_id": null,
            "advanced_info": {
                "accountNumber": "$config"
            },
            "credential_accounts": [],
            "assets": [
                {
                    "asset_ref_id": null,
                    "asset_name": "e2esvtapi_ibmcloud_1521909",
                    "advanced_info": {
                        "accountNumber": "$config"
                    },
                    "credential_accounts": [
                        {
                            "name": "e2esvtapi_buyer_ibmcloud",
                            "credential_ref_id": null,
                            "purpose": [
                                "provisioning",
                                "assetIngestion"
                            ],
                            "password_fields": {
                                "username": "$config",
                                "apiKey": "$config",
                                "bxapiKey": "$config"
                            },
                            "context": {
                                "team": [
                                    "e2esvtapi_buyer"
                                ]
                            }
                        },
                        {
                            "name": "e2esvtapi_purchaser_ibmcloud",
                            "credential_ref_id": null,
                            "purpose": [
                                "provisioning",
                                "assetIngestion"
                            ],
                            "password_fields": {
                                "username": "$config",
                                "apiKey": "$config",
                                "bxapiKey": "$config"
                            },
                            "context": {
                                "team": [
                                    "e2esvtapi_purchaser"
                                ]
                            }
                        },
                        {
                            "name": "e2esvtapi_operator_ibmcloud",
                            "credential_ref_id": null,
                            "purpose": [
                                "provisioning",
                                "assetIngestion"
                            ],
                            "password_fields": {
                                "username": "$config",
                                "apiKey": "$config",
                                "bxapiKey": "$config"
                            },
                            "context": {
                                "team": [
                                    "e2esvtapi_operator"
                                ]
                            }
                        }
                    ]
                }
            ]
        }
    ],
    "test": [
        {
            "master_name": "",
            "master_ref_id": null,
            "advanced_info": {
                "gitUrl": "github_url"
            },
            "credential_accounts": [],
            "assets": [
                {
                    "asset_ref_id": null,
                    "asset_name": "e2esvtapi_test",
                    "advanced_info": {
                        "gitUrl": "someurl"
                    },
                    "credential_accounts": [
                        {
                            "name": "e2esvtapi_buyer_test",
                            "credential_ref_id": null,
                            "purpose": [
                                "provisioning",
                                "assetIngestion",
                                "catalogIngestion"
                            ],
                            "password_fields": {
                                "username": "gAAAAABdkjyL2yoKVH54DExGKHVtLc6uP52Vw9sEcnRC2PRDdvzgfV00sYI2DypxA2I9SIpjt4OBpSWZALGrS6Iw9-fSqswuLg==",
                                "password": "gAAAAABdkjyLkEy9LuJjxpnm7lU7e38yELslDhhGhDP1MIHVJmbFuxrdCdxfhvWeItVMXmUQ1FVPvkHsDjfI7jkE4TyZ_yz0Aw==",
                                "gitAccessToken": null
                            },
                            "context": {
                                "team": [
                                    "e2esvtapi_buyer"
                                ]
                            }
                        },
                        {
                            "name": "e2esvtapi_purchaser_test",
                            "credential_ref_id": null,
                            "purpose": [
                                "provisioning",
                                "assetIngestion",
                                "catalogIngestion"
                            ],
                            "password_fields": {
                                "username": "gAAAAABdkjyL_EnYdUEYjEwvAPOb-fBLwZztVMhtSN-IwbvnuP834Jgau8v9eT9DhifoGaBvqrO0eUB2l7n4WmcZNufT587wSg==",
                                "password": "gAAAAABdkjyL-deqv2fhppSFmbXVDDOA36YasKtTHAzcsCSmukHiHmp8BQQqTUZy7_yH8ZuUup7E5m4FOAwMBpyd0LP7ZgFuoQ==",
                                "gitAccessToken": null
                            },
                            "context": {
                                "team": [
                                    "e2esvtapi_purchaser"
                                ]
                            }
                        },
                        {
                            "name": "e2esvtapi_operator_test",
                            "credential_ref_id": null,
                            "purpose": [
                                "provisioning",
                                "assetIngestion",
                                "catalogIngestion"
                            ],
                            "password_fields": {
                                "username": "gAAAAABdkjyLRH_XkJYvNzKuNoqjVW1VVIzx5FtqxdT3iNtwLWub_XXxzgNsFPAMOZ2_iedIwgz7JdCMvReEhrFSPAAoKaTo-Q==",
                                "password": "gAAAAABdkjyLWD_lwftFIERrbWO52DluDklO-qEjIwgDtZAM0BcwpyaG_TFCuT5FKupMZJfGwT57O04cONw_vPziPWQZYCvNbQ==",
                                "gitAccessToken": null
                            },
                            "context": {
                                "team": [
                                    "e2esvtapi_operator"
                                ]
                            }
                        }
                    ]
                }
            ]
        }
    ],
    "testAddOn": [
        {
            "master_name": "",
            "master_ref_id": null,
            "advanced_info": {
                "gitUrl": "github_url"
            },
            "credential_accounts": [],
            "assets": [
                {
                    "asset_ref_id": null,
                    "asset_name": "e2esvtapi_testAddOn",
                    "advanced_info": {
                        "gitUrl": "someurl"
                    },
                    "credential_accounts": [
                        {
                            "name": "e2esvtapi_buyer_testAddOn",
                            "credential_ref_id": null,
                            "purpose": [
                                "provisioning",
                                "assetIngestion",
                                "catalogIngestion"
                            ],
                            "password_fields": {
                                "username": "gAAAAABdkjyL2yoKVH54DExGKHVtLc6uP52Vw9sEcnRC2PRDdvzgfV00sYI2DypxA2I9SIpjt4OBpSWZALGrS6Iw9-fSqswuLg==",
                                "password": "gAAAAABdkjyLkEy9LuJjxpnm7lU7e38yELslDhhGhDP1MIHVJmbFuxrdCdxfhvWeItVMXmUQ1FVPvkHsDjfI7jkE4TyZ_yz0Aw==",
                                "gitAccessToken": null
                            },
                            "context": {
                                "team": [
                                    "e2esvtapi_buyer"
                                ]
                            }
                        },
                        {
                            "name": "e2esvtapi_purchaser_testAddOn",
                            "credential_ref_id": null,
                            "purpose": [
                                "provisioning",
                                "assetIngestion",
                                "catalogIngestion"
                            ],
                            "password_fields": {
                                "username": "gAAAAABdkjyL_EnYdUEYjEwvAPOb-fBLwZztVMhtSN-IwbvnuP834Jgau8v9eT9DhifoGaBvqrO0eUB2l7n4WmcZNufT587wSg==",
                                "password": "gAAAAABdkjyL-deqv2fhppSFmbXVDDOA36YasKtTHAzcsCSmukHiHmp8BQQqTUZy7_yH8ZuUup7E5m4FOAwMBpyd0LP7ZgFuoQ==",
                                "gitAccessToken": null
                            },
                            "context": {
                                "team": [
                                    "e2esvtapi_purchaser"
                                ]
                            }
                        },
                        {
                            "name": "e2esvtapi_operator_testAddOn",
                            "credential_ref_id": null,
                            "purpose": [
                                "provisioning",
                                "assetIngestion",
                                "catalogIngestion"
                            ],
                            "password_fields": {
                                "username": "gAAAAABdkjyLRH_XkJYvNzKuNoqjVW1VVIzx5FtqxdT3iNtwLWub_XXxzgNsFPAMOZ2_iedIwgz7JdCMvReEhrFSPAAoKaTo-Q==",
                                "password": "gAAAAABdkjyLWD_lwftFIERrbWO52DluDklO-qEjIwgDtZAM0BcwpyaG_TFCuT5FKupMZJfGwT57O04cONw_vPziPWQZYCvNbQ==",
                                "gitAccessToken": null
                            },
                            "context": {
                                "team": [
                                    "e2esvtapi_operator"
                                ]
                            }
                        }
                    ]
                }
            ]
        }
    ],
    "testAddOn2": [
        {
            "master_name": "",
            "master_ref_id": null,
            "advanced_info": {
                "gitUrl": "github_url"
            },
            "credential_accounts": [],
            "assets": [
                {
                    "asset_ref_id": null,
                    "asset_name": "e2esvtapi_testAddOn2",
                    "advanced_info": {
                        "gitUrl": "someurl"
                    },
                    "credential_accounts": [
                        {
                            "name": "e2esvtapi_buyer_testAddOn2",
                            "credential_ref_id": null,
                            "purpose": [
                                "provisioning",
                                "assetIngestion",
                                "catalogIngestion"
                            ],
                            "password_fields": {
                                "username": "gAAAAABdkjyL2yoKVH54DExGKHVtLc6uP52Vw9sEcnRC2PRDdvzgfV00sYI2DypxA2I9SIpjt4OBpSWZALGrS6Iw9-fSqswuLg==",
                                "password": "gAAAAABdkjyLkEy9LuJjxpnm7lU7e38yELslDhhGhDP1MIHVJmbFuxrdCdxfhvWeItVMXmUQ1FVPvkHsDjfI7jkE4TyZ_yz0Aw==",
                                "gitAccessToken": null
                            },
                            "context": {
                                "team": [
                                    "e2esvtapi_buyer"
                                ]
                            }
                        },
                        {
                            "name": "e2esvtapi_purchaser_testAddOn2",
                            "credential_ref_id": null,
                            "purpose": [
                                "provisioning",
                                "assetIngestion",
                                "catalogIngestion"
                            ],
                            "password_fields": {
                                "username": "gAAAAABdkjyL_EnYdUEYjEwvAPOb-fBLwZztVMhtSN-IwbvnuP834Jgau8v9eT9DhifoGaBvqrO0eUB2l7n4WmcZNufT587wSg==",
                                "password": "gAAAAABdkjyL-deqv2fhppSFmbXVDDOA36YasKtTHAzcsCSmukHiHmp8BQQqTUZy7_yH8ZuUup7E5m4FOAwMBpyd0LP7ZgFuoQ==",
                                "gitAccessToken": null
                            },
                            "context": {
                                "team": [
                                    "e2esvtapi_purchaser"
                                ]
                            }
                        },
                        {
                            "name": "e2esvtapi_operator_testAddOn2",
                            "credential_ref_id": null,
                            "purpose": [
                                "provisioning",
                                "assetIngestion",
                                "catalogIngestion"
                            ],
                            "password_fields": {
                                "username": "gAAAAABdkjyLRH_XkJYvNzKuNoqjVW1VVIzx5FtqxdT3iNtwLWub_XXxzgNsFPAMOZ2_iedIwgz7JdCMvReEhrFSPAAoKaTo-Q==",
                                "password": "gAAAAABdkjyLWD_lwftFIERrbWO52DluDklO-qEjIwgDtZAM0BcwpyaG_TFCuT5FKupMZJfGwT57O04cONw_vPziPWQZYCvNbQ==",
                                "gitAccessToken": null
                            },
                            "context": {
                                "team": [
                                    "e2esvtapi_operator"
                                ]
                            }
                        }
                    ]
                }
            ]
        }
    ],
    "vra": [
        {
            "master_name": "",
            "master_ref_id": null,
            "advanced_info": {
                "accountNumber": "1212",
                "endPointVersion": "12.0",
                "url": "qwerty.com"
            },
            "credential_accounts": [],
            "assets": [
                {
                    "asset_ref_id": null,
                    "asset_name": "e2esvtapi_vra",
                    "advanced_info": {
                        "accountNumber": "1234",
                        "endPointVersion": "7.6",
                        "url": "https://10.154.23.186"
                    },
                    "credential_accounts": [
                        {
                            "name": "e2esvtapi_buyer_vra",
                            "credential_ref_id": null,
                            "purpose": [
                                "provisioning",
                                "assetIngestion",
                                "catalogIngestion"
                            ],
                            "password_fields": {
                                "username": "gAAAAABdnhCxd8iwnHR4CiSQz1IkrUWzqXf8JvVh4Yk_hta9EgZM51wQ920PwZB1nbTkqS_pvK5zIuTEvvwqq4J8k-TZYkfkxQ==",
                                "password": "gAAAAABdnhDJvNHiIHGKxO_dv8lF0uZVsysfreEuaV3X5BjHU0xyHkom8A-e6Ouwt95pNyxDxFzr1NdgvbLRcbE8wtUOw9ZrrA==",
                                "tenant": "gAAAAABdnhDdp62LTZ0HHZIV4zvRfqFaKTt3XdmBo5x3lUIhDc3WISaW6nGx_MIZ7ry3aC2FZqbFLHJZ3Nr5qtaUeXCE9pjC7w==",
                                "clientId": null,
                                "domain": null
                            },
                            "context": {
                                "team": [
                                    "e2esvtapi_buyer"
                                ]
                            }
                        },
                        {
                            "name": "e2esvtapi_purchaser_vra",
                            "credential_ref_id": null,
                            "purpose": [
                                "provisioning",
                                "assetIngestion",
                                "catalogIngestion"
                            ],
                            "password_fields": {
                                "username": "gAAAAABdnhCxd8iwnHR4CiSQz1IkrUWzqXf8JvVh4Yk_hta9EgZM51wQ920PwZB1nbTkqS_pvK5zIuTEvvwqq4J8k-TZYkfkxQ==",
                                "password": "gAAAAABdnhDJvNHiIHGKxO_dv8lF0uZVsysfreEuaV3X5BjHU0xyHkom8A-e6Ouwt95pNyxDxFzr1NdgvbLRcbE8wtUOw9ZrrA==",
                                "tenant": "gAAAAABdnhDdp62LTZ0HHZIV4zvRfqFaKTt3XdmBo5x3lUIhDc3WISaW6nGx_MIZ7ry3aC2FZqbFLHJZ3Nr5qtaUeXCE9pjC7w==",
                                "clientId": null,
                                "domain": null
                            },
                            "context": {
                                "team": [
                                    "e2esvtapi_purchaser"
                                ]
                            }
                        },
                        {
                            "name": "e2esvtapi_operator_vra",
                            "credential_ref_id": null,
                            "purpose": [
                                "provisioning",
                                "assetIngestion",
                                "catalogIngestion"
                            ],
                            "password_fields": {
                                "username": "gAAAAABdnhCxd8iwnHR4CiSQz1IkrUWzqXf8JvVh4Yk_hta9EgZM51wQ920PwZB1nbTkqS_pvK5zIuTEvvwqq4J8k-TZYkfkxQ==",
                                "password": "gAAAAABdnhDJvNHiIHGKxO_dv8lF0uZVsysfreEuaV3X5BjHU0xyHkom8A-e6Ouwt95pNyxDxFzr1NdgvbLRcbE8wtUOw9ZrrA==",
                                "tenant": "gAAAAABdnhDdp62LTZ0HHZIV4zvRfqFaKTt3XdmBo5x3lUIhDc3WISaW6nGx_MIZ7ry3aC2FZqbFLHJZ3Nr5qtaUeXCE9pjC7w==",
                                "clientId": null,
                                "domain": null
                            },
                            "context": {
                                "team": [
                                    "e2esvtapi_operator"
                                ]
                            }
                        }
                    ]
                }
            ]
        }
    ]
}