[
    {
        "__id__": "admin",
        "name": "e2esvtapi_admin",
        "id": "e2esvtapi_admin",
        "organization": "svt_api",
        "roles": [
            {
                "name": "System Admin",
                "contexts": [
                    {
                        "org": [
                            "org_all"
                        ]
                    }
                ]
            },
            {
                "name": "Team Setup Admin",
                "contexts": [
                    {
                        "org": [
                            "svt_api"
                        ]
                    }
                ]
            },
            {
                "name": "Catalog Administrator",
                "contexts": [
                    {
                        "org": [
                            "org_all"
                        ]
                    }
                ]
            },
            {
                "name": "Budget Administrator",
                "contexts": [
                    {
                        "org": [
                            "org_all"
                        ]
                    }
                ]
            },
            {
                "name": "Policy Administrator",
                "contexts": [
                    {
                        "org": [
                            "org_all"
                        ]
                    }
                ]
            },
            {
                "name": "Audit Admin",
                "contexts": [
                    {
                        "org": [
                            "org_all"
                        ]
                    }
                ]
            },
            {
                "name": "Audit Viewer",
                "contexts": [
                    {
                        "org": [
                            "org_all"
                        ]
                    }
                ]
            }
        ],
        "users": [],
        "external_ref_id": "azureSysAdmin"
    },
    {
        "__id__": "user_admin",
        "name": "e2esvtapi_user_admin",
        "id": "e2esvtapi_user_admin",
        "organization": "svt_api",
        "roles": [
            {
                "name": "User Admin",
                "contexts": [
                    {
                        "org": [
                            "org_all"
                        ]
                    }
                ]
            }
        ],
        "users": [],
        "external_ref_id": "azureUserAdmin"
    },
    {
        "__id__": "tsa",
        "name": "e2esvtapi_tsa",
        "id": "e2esvtapi_tsa",
        "organization": "svt_api",
        "roles": [
            {
                "name": "Team Setup Admin",
                "contexts": [
                    {
                        "org": [
                            "svt_api"
                        ]
                    }
                ]
            }
        ],
        "users": [],
        "external_ref_id": "azureTeamSetupAdmin"
    },
    {
        "__id__": "it_ops_manager",
        "name": "e2esvtapi_it_ops_manager",
        "id": "e2esvtapi_it_ops_manager",
        "organization": "svt_api",
        "roles": [
            {
                "name": "IT Ops Manager",
                "contexts": [
                    {
                        "org": [
                            "svt_api"
                        ],
                        "landing": [
                            "landing_all"
                        ],
                        "env": [
                            "env_all"
                        ],
                        "app": [
                            "app_all"
                        ]
                    }
                ]
            }
        ],
        "users": [],
        "external_ref_id": "azureITOpsManager"
    },
    {
        "__id__": "buyer",
        "name": "e2esvtapi_buyer",
        "id": "e2esvtapi_buyer",
        "organization": "svt_api",
        "roles": [
            {
                "name": "Buyer",
                "contexts": [
                    {
                        "org": [
                            "svt_api"
                        ],
                        "team": [
                            "e2esvtapi_buyer"
                        ]
                    }
                ]
            }
        ],
        "users": [],
        "external_ref_id": "azureBuyer"
    },
    {
        "__id__": "purchaser",
        "name": "e2esvtapi_purchaser",
        "id": "e2esvtapi_purchaser",
        "organization": "svt_api",
        "roles": [
            {
                "name": "Purchaser",
                "contexts": [
                    {
                        "org": [
                            "svt_api"
                        ],
                        "team": [
                            "e2esvtapi_purchaser"
                        ]
                    }
                ]
            }
        ],
        "users": [],
        "external_ref_id": "azurePurchaser"
    },
    {
        "__id__": "technicalapprover",
        "name": "e2esvtapi_techapprover",
        "id": "e2esvtapi_techapprover",
        "organization": "svt_api",
        "roles": [
            {
                "name": "Technical Approver",
                "contexts": [
                    {
                        "org": [
                            "svt_api"
                        ]
                    },
                    {
                        "team": [
                            "e2esvtapi_buyer",
                            "e2esvtapi_purchaser"
                        ]
                    }
                ]
            }
        ],
        "users": [],
        "external_ref_id": "azureTechApprover"
    },
    {
        "__id__": "financialapprover",
        "name": "e2esvtapi_finapprover",
        "id": "e2esvtapi_finapprover",
        "organization": "svt_api",
        "roles": [
            {
                "name": "Financial Approver",
                "contexts": [
                    {
                        "org": [
                            "svt_api"
                        ],
                        "team": [
                            "e2esvtapi_buyer",
                            "e2esvtapi_purchaser"
                        ]
                    }
                ]
            }
        ],
        "users": [],
        "external_ref_id": "azureFinApprover"
    },
    {
        "__id__": "operator",
        "name": "e2esvtapi_operator",
        "id": "e2esvtapi_operator",
        "organization": "svt_api",
        "roles": [
            {
                "name": "Operator",
                "contexts": [
                    {
                        "org": [
                            "svt_api"
                        ]
                    },
                    {
                        "team": [
                            "e2esvtapi_purchaser",
                            "e2esvtapi_operator",
                            "e2esvtapi_buyer"
                        ]
                    }
                ]
            }
        ],
        "users": [],
        "external_ref_id": "azureOperator"
    },
    {
        "__id__": "financialapprover1",
        "name": "e2esvtapi_finapprover1",
        "id": "e2esvtapi_finapprover1",
        "organization": "svt_api",
        "roles": [
            {
                "name": "Financial Approver",
                "contexts": [
                    {
                        "org": [
                            "svt_api"
                        ]
                    },
                    {
                        "team": [
                            "e2esvtapi_buyer",
                            "e2esvtapi_finapprover1"
                          ]
                    }
                ]
            },
            {
                "name": "Budget Viewer",
                "contexts": [
                    {
                        "org": [
                            "org_all"
                        ]
                    }
                ]
            }
        ],
        "users": [],
        "external_ref_id": "azureFinBudgetApprover1"
    },
    {
        "__id__": "financialapprover2",
        "name": "e2esvtapi_finapprover2",
        "id": "e2esvtapi_finapprover2",
        "organization": "svt_api",
        "roles": [
            {
                "name": "Legal Approver",
                "contexts": [
                    {
                        "org": [
                            "svt_api"
                        ]
                    },
                    {
                        "team": [
                            "e2esvtapi_buyer",
                            "e2esvtapi_finapprover2"
                        ]
                    }
                ]
            }
        ],
        "users": [],
        "external_ref_id": "azureFinLegalApprover2"
    },
    {
        "__id__": "budget_admin",
        "name": "e2esvtapi_budget_admin",
        "id": "e2esvtapi_budget_admin",
        "organization": "svt_api",
        "roles": [
            {
                "name": "Budget Administrator",
                "contexts": [
                    {
                        "org": [
                            "org_all"
                        ]
                    }
                ]
            }
        ],
        "users": [],
        "external_ref_id": "azureBudgetAdmin"
    },
    {
        "__id__": "budget_viewer",
        "name": "e2esvtapi_budget_viewer",
        "id": "e2esvtapi_budget_viewer",
        "organization": "svt_api",
        "roles": [
            {
                "name": "Budget Viewer",
                "contexts": [
                    {
                        "org": [
                            "org_all"
                        ]
                    }
                ]
            }
        ],
        "users": [],
        "external_ref_id": "azureBudgetViewer"
    },
    {
        "__id__": "catalog_admin",
        "name": "e2esvtapi_catalog_admin",
        "id": "e2esvtapi_catalog_admin",
        "organization": "svt_api",
        "roles": [
            {
                "name": "Catalog Administrator",
                "contexts": [
                    {
                        "org": [
                            "org_all"
                        ]
                    }
                ]
            }
        ],
        "users": [],
        "external_ref_id": "azureCatalogAdmin"
    },
    {
        "__id__": "policy_admin",
        "name": "e2esvtapi_policy_admin",
        "id": "e2esvtapi_policy_admin",
        "organization": "svt_api",
        "roles": [
            {
                "name": "Policy Administrator",
                "contexts": [
                    {
                        "org": [
                            "org_all"
                        ]
                    }
                ]
            }
        ],
        "users": [],
        "external_ref_id": "azurePolicyAdmin"
    },
    {
        "__id__": "audit_admin",
        "name": "e2esvtapi_audit_admin",
        "id": "e2esvtapi_audit_admin",
        "organization": "svt_api",
        "roles": [
            {
                "name": "Audit Admin",
                "contexts": [
                    {
                        "org": [
                            "org_all"
                        ]
                    }
                ]
            }
        ],
        "users": [],
        "external_ref_id": "azureAuditAdmin"
    },
    {
        "__id__": "audit_viewer",
        "name": "e2esvtapi_audit_viewer",
        "id": "e2esvtapi_audit_viewer",
        "organization": "svt_api",
        "roles": [
            {
                "name": "Audit Viewer",
                "contexts": [
                    {
                        "org": [
                            "org_all"
                        ]
                    }
                ]
            }
        ],
        "users": [],
        "external_ref_id": "azureAuditViewer"
    }
]
