[
    {
        "__id__": "admin",
        "id": "e2eistapi_admin@mcmpsvtoutlook.onmicrosoft.com",
        "password": "gAAAAABffKO_bYqxg-WStCnXvYbCpSzcGv4hIeGQY_cHFcxUqzvl2tBU_cUTekiTsBo6QknkvQ4V5HNFtUCC9zMaQ-Gn5ad-jnothG-D7E4C0Wz9KsnVepI=",
        "api_key": null,
        "first_name": "e2esvtqa_admin",
        "middle_name": "",
        "last_name": "",
        "user_id": null,
        "bearer_token": null,
        "emails": [
            "e2eistapi_admin@mcmpsvtoutlook.onmicrosoft.com"
        ]
    },
    {
        "__id__": "buyer",
        "id": "e2esvtqa_buyer@mcmpsvtoutlook.onmicrosoft.com",
        "password": "gAAAAABfDA2eu5ycqt4XLiNSUwMyrWWcBNSJcvVuwh8v_4gh6hKaWIdbUU4leC2GXwB_c9wzDiFxhYcMoIWQYr_ZRGc34Ciw6A==",
        "api_key": null,
        "first_name": "e2esvtqa_buyer",
        "middle_name": "",
        "last_name": "",
        "user_id": null,
        "bearer_token": null,
        "emails": [
            "e2esvtqa_buyer@mcmpsvtoutlook.onmicrosoft.com"
        ]
    },
    {
        "__id__": "purchaser",
        "id": "e2esvtqa_purchaser@mcmpsvtoutlook.onmicrosoft.com",
        "password": "gAAAAABe8uRfZzR_A26ieyxkcaNSVNtI3x8M3X5689md2zGFc3U_WjKqCMuioRvrLUxxAsoWLTeoSp6g93i1r6q9UBSzUUkGfA==",
        "api_key": null,
        "first_name": "e2esvtqa_purchaser",
        "middle_name": "",
        "last_name": "",
        "user_id": null,
        "bearer_token": null,
        "emails": [
            "e2esvtqa_purchaser@mcmpsvtoutlook.onmicrosoft.com"
        ]
    },
    {
        "__id__": "operator",
        "id": "e2esvtqa_operator@mcmpsvtoutlook.onmicrosoft.com",
        "password": "gAAAAABe8uRx5_XnyaR6rJUcdisQhNEK902fZ9f4m0WWOVl7pTwkEYEtehaFniPKMEdz9bzp-X1r3N6mxQQmqBE-wRg8OJRN8g==",
        "api_key": null,
        "first_name": "e2esvtqa_operator",
        "middle_name": "",
        "last_name": "",
        "user_id": null,
        "bearer_token": null,
        "emails": [
            "e2esvtqa_operator@mcmpsvtoutlook.onmicrosoft.com"
        ]
    },
    {
        "__id__": "techapprover",
        "id": "e2esvtqa_technicalapprov@mcmpsvtoutlook.onmicrosoft.com",
        "password": "gAAAAABfDA4d2RlVTOBQtX9UNdjMMg9LCCXiPQ2ZsdGZizvtkr_bYDMELgky1Y5hb-EUhOtNAqTQIYL6f-5PHEvNceGqGs3Vog==",
        "api_key": null,
        "first_name": "e2esvtqa_technicalapprov",
        "middle_name": "",
        "last_name": "",
        "user_id": null,
        "bearer_token": null,
        "emails": [
            "e2esvtqa_technicalapprov@mcmpsvtoutlook.onmicrosoft.com"
        ]
    },
    {
        "__id__": "finapprover",
        "id": "e2esvtqa_financialapprov@mcmpsvtoutlook.onmicrosoft.com",
        "password": "gAAAAABfDA5Z5rabDyImro64bxH1RU5Pvhpy6A3VPGqVFcUTv6BpKWCxx5cTQrzKrE9TM0wag2ZO7ldXgZTbCJ0BnextWPN8xQ==",
        "api_key": null,
        "first_name": "e2esvtqa_financialapprov",
        "middle_name": "",
        "last_name": "",
        "user_id": null,
        "bearer_token": null,
        "emails": [
            "e2esvtqa_financialapprov@mcmpsvtoutlook.onmicrosoft.com"
        ]
    },
    {
        "__id__": "finapprover1",
        "id": "e2esvtqa_finbudgetapprov1@mcmpsvtoutlook.onmicrosoft.com",
        "password": "gAAAAABe8uS3z4ZBJTreL0HSVFd1H9gAe8saT_1zS7HUVthAOZJGzchAWpmqYAEoD9uUGczMtX7OHO_T8wvtG86RF_or9I9j-g==",
        "api_key": null,
        "first_name": "e2esvtqa_finbudgetapprov1",
        "middle_name": "",
        "last_name": "",
        "user_id": null,
        "bearer_token": null,
        "emails": [
            "e2esvtqa_finbudgetapprov1@mcmpsvtoutlook.onmicrosoft.com"
        ]
    },
    {
        "__id__": "finapprover2",
        "id": "e2esvtqa_finlegalapprov2@mcmpsvtoutlook.onmicrosoft.com",
        "password": "gAAAAABe8uTF74YAKOqgTfWMHxTtD46pXuODmQ2EjD8VAsuw6LraGL-AgydmySCA12Y9kO1gOmsggr-9C9mfEYkfkQrfE2xbRA==",
        "api_key": null,
        "first_name": "e2esvtqa_finlegalapprov2",
        "middle_name": "",
        "last_name": "",
        "user_id": null,
        "bearer_token": null,
        "emails": [
            "e2esvtqa_finlegalapprov2@mcmpsvtoutlook.onmicrosoft.com"
        ]
    }
]
