[
    {
        "__id__": "admin",
        "name": "e2eistapi_admin",
        "id": "e2eistapi_admin",
        "organization": "ist_api",
        "roles": [
            {
                "name": "System Admin",
                "contexts": [
                    {
                        "org": [
                            "org_all"
                        ]
                    }
                ]
            },
            {
                "name": "Team Setup Admin",
                "contexts": [
                    {
                        "org": [
                            "ist_api"
                        ]
                    }
                ]
            },
            {
                "name": "Audit Admin",
                "contexts": [
                    {
                        "org": [
                            "org_all"
                        ]
                    }
                ]
            },
            {
                "name": "Audit Viewer",
                "contexts": [
                    {
                        "org": [
                            "org_all"
                        ]
                    }
                ]
            },
            {
                "name": "IT Ops Admin",
                "contexts": [
                    {
                        "team": [
                            "e2eistapi_it_ops_manager"
                        ]
                    }
                ]
            },
            {
                "name": "Catalog Administrator",
                "contexts": [
                    {
                        "org": [
                            "org_all"
                        ]
                    }
                ]
            },
            {
                "name": "Budget Administrator",
                "contexts": [
                    {
                        "org": [
                            "org_all"
                        ]
                    }
                ]
            },
            {
                "name": "Policy Administrator",
                "contexts": [
                    {
                        "org": [
                            "org_all"
                        ]
                    }
                ]
            }
        ],
        "users": [
            "e2esvtapi+admin@gmail.com",
            "e2esvtperf+admin@gmail.com"
        ]
    },
    {
        "__id__": "buyer",
        "name": "e2eistapi_buyer",
        "id": "e2eistapi_buyer",
        "organization": "ist_api",
        "roles": [
            {
                "name": "Buyer",
                "contexts": [
                    {
                        "org": [
                            "ist_api"
                        ],
                        "team": [
                            "e2eistapi_buyer"
                        ],
                        "int_e2eistapi_type_id_1": [
                            "int_e2eistapi_type_1_value_id_1",
                            "int_e2eistapi_type_1_value_id_3"
                        ],
                        "int_e2eistapi_type_id_2": [
                            "int_e2eistapi_type_2_value_id_2",
                            "int_e2eistapi_type_2_value_id_4"
                        ]
                    }
                ]
            }
        ],
        "users": [
            "e2esvtapi+buyer@gmail.com",
            "e2esvtapi+admin@gmail.com",
            "e2esvtperf+buyer@gmail.com",
            "e2esvtperf+admin@gmail.com",
            "e2esvtperf+buyermanualappr@gmail.com"
        ]
    },
    {
        "__id__": "actionadmin",
        "name": "e2eistapi_actionadmin",
        "id": "e2eistapi_actionadmin",
        "organization": "ist_api",
        "roles": [
            {
                "name": "Actions Registry Admin",
                "contexts": [
                    {
                        "org": [
                            "org_all"
                        ]
                    }
                ]
            }
        ],
        "users": [
            "e2esvtapi+finapprover@gmail.com",
            "e2esvtapi+admin@gmail.com"
        ]
    },
    {
        "__id__": "manager",
        "name": "e2eistapi_it_ops_manager",
        "id": "e2eistapi_it_ops_manager",
        "organization": "ist_api",
        "roles": [
            {
                "name": "IT Ops Manager",
                "contexts": [
                    {
                        "org": [
                            "ist_api"
                        ],
                        "landing": [
                            "landing_all"
                        ],
                        "app": [
                            "app_all"
                        ],
                        "env": [
                            "env_all"
                        ]
                    }
                ]
            }
        ],
        "users": [
            "e2esvtapi+ops_manager@gmail.com",
            "e2esvtapi+admin@gmail.com"
        ]
    },
    {
        "__id__": "cam_admn",
        "name": "e2eistperf_cam_admn",
        "id": "e2eistperf_cam_admn",
        "organization": "ist_performance",
        "roles": [
            {
                "name": "CAM Admin",
                "contexts": [
                    {
                        "org": [
                            "org_all"
                        ]
                    }
                ]
            },
            {
                "name": "Budget Administrator",
                "contexts": [
                    {
                        "org": [
                            "org_all"
                        ]
                    }
                ]
            }
        ],
        "users": [
            "e2esvtperf+admin@gmail.com",
            "e2esvtapi+admin@gmail.com"
        ]
    },
    {
        "__id__": "buyer1",
        "name": "e2eistapi_buyer1",
        "id": "e2eistapi_buyer1",
        "organization": "ist_api",
        "roles": [
            {
                "name": "Buyer",
                "contexts": [
                    {
                        "org": [
                            "ist_api"
                        ],
                        "team": [
                            "e2eistapi_buyer1"
                        ],
                        "int_e2eistapi_type_id_1": [
                            "int_e2eistapi_type_1_value_id_1",
                            "int_e2eistapi_type_1_value_id_3"
                        ],
                        "int_e2eistapi_type_id_2": [
                            "int_e2eistapi_type_2_value_id_2",
                            "int_e2eistapi_type_2_value_id_4"
                        ]
                    }
                ]
            }
        ],
        "users": [
            "e2esvtperf+techmanualappr@gmail.com"
        ]
    },
    {
        "__id__": "technicalapprover",
        "name": "e2eistapi_techapprover",
        "id": "e2eistapi_techapprover",
        "organization": "ist_api",
        "roles": [
            {
                "name": "Technical Approver",
                "contexts": [
                    {
                        "org": [
                            "ist_api"
                        ],
                        "team": [
                            "e2eistapi_buyer"
                        ],
                        "int_e2eistapi_type_id_1": [
                            "int_e2eistapi_type_1_value_id_1",
                            "int_e2eistapi_type_1_value_id_2",
                            "int_e2eistapi_type_1_value_id_3",
                            "int_e2eistapi_type_1_value_id_4"
                        ],
                        "int_e2eistapi_type_id_2": [
                            "int_e2eistapi_type_2_value_id_1",
                            "int_e2eistapi_type_2_value_id_2",
                            "int_e2eistapi_type_2_value_id_3",
                            "int_e2eistapi_type_2_value_id_4"
                        ]
                    },
                    {
                        "team": [
                            "e2eistapi_buyer1"
                        ],
                        "int_e2eistapi_type_id_1": [
                            "int_e2eistapi_type_1_value_id_1"
                        ],
                        "int_e2eistapi_type_id_2": [
                            "int_e2eistapi_type_2_value_id_2"
                        ]
                    },
                    {
                        "team": [
                            "e2eistapi_operator"
                        ],
                        "int_e2eistapi_type_id_1": [
                            "int_e2eistapi_type_1_value_id_1"
                        ],
                        "int_e2eistapi_type_id_2": [
                            "int_e2eistapi_type_2_value_id_2"
                        ]
                    }
                ]
            }
        ],
        "users": [
            "e2esvtperf+techapprover@gmail.com",
            "e2esvtapi+techapprover@gmail.com",
            "e2esvtapi+admin@gmail.com"
        ]
    },
    {
        "__id__": "financialapprover",
        "name": "e2eistapi_finapprover",
        "id": "e2eistapi_finapprover",
        "organization": "ist_api",
        "roles": [
            {
                "name": "Financial Approver",
                "contexts": [
                    {
                        "org": [
                            "ist_api"
                        ],
                        "team": [
                            "e2eistapi_buyer"
                        ],
                        "int_e2eistapi_type_id_1": [
                            "int_e2eistapi_type_1_value_id_1",
                            "int_e2eistapi_type_1_value_id_2",
                            "int_e2eistapi_type_1_value_id_3",
                            "int_e2eistapi_type_1_value_id_4"
                        ],
                        "int_e2eistapi_type_id_2": [
                            "int_e2eistapi_type_2_value_id_1",
                            "int_e2eistapi_type_2_value_id_2",
                            "int_e2eistapi_type_2_value_id_3",
                            "int_e2eistapi_type_2_value_id_4"
                        ]
                    },
                    {
                        "team": [
                            "e2eistapi_buyer1"
                        ],
                        "int_e2eistapi_type_id_1": [
                            "int_e2eistapi_type_1_value_id_1"
                        ],
                        "int_e2eistapi_type_id_2": [
                            "int_e2eistapi_type_2_value_id_2"
                        ]
                    },
                    {
                        "team": [
                            "e2eistapi_operator"
                        ],
                        "int_e2eistapi_type_id_1": [
                            "int_e2eistapi_type_1_value_id_1"
                        ],
                        "int_e2eistapi_type_id_2": [
                            "int_e2eistapi_type_2_value_id_2"
                        ]
                    }
                ]
            }
        ],
        "users": [
            "e2esvtperf+finapprover1@gmail.com",
            "e2esvtapi+finapprover@gmail.com",
            "e2esvtapi+admin@gmail.com"
        ]
    },
    {
        "__id__": "operator",
        "name": "e2eistapi_operator",
        "id": "e2eistapi_operator",
        "organization": "ist_api",
        "roles": [
            {
                "name": "Operator",
                "contexts": [
                    {
                        "org": [
                            "ist_api"
                        ],
                        "team": [
                            "e2eistapi_operator"
                        ],
                        "int_e2eistapi_type_id_1": [
                            "int_e2eistapi_type_1_value_id_1",
                            "int_e2eistapi_type_1_value_id_3"
                        ],
                        "int_e2eistapi_type_id_2": [
                            "int_e2eistapi_type_2_value_id_2",
                            "int_e2eistapi_type_2_value_id_4"
                        ]
                    }
                ]
            }
        ],
        "users": [
            "e2esvtperf+techmanualappr@gmail.com",
            "e2esvtperf+buyermanualappr@gmail.com"
        ]
    },
    {
        "__id__": "operator2",
        "name": "e2eistapi_operator2",
        "id": "e2eistapi_operator2",
        "organization": "ist_api",
        "roles": [
            {
                "name": "Operator",
                "contexts": [
                    {
                        "org": [
                            "ist_api"
                        ],
                        "team": [
                            "e2eistapi_operator"
                        ],
                        "int_e2eistapi_type_id_1": [
                            "int_e2eistapi_type_1_value_id_1",
                            "int_e2eistapi_type_1_value_id_3"
                        ],
                        "int_e2eistapi_type_id_2": [
                            "int_e2eistapi_type_2_value_id_2",
                            "int_e2eistapi_type_2_value_id_4"
                        ]
                    },
                    {
                        "org": [
                            "ist_api"
                        ],
                        "team": [
                            "e2eistapi_buyer"
                        ],
                        "int_e2eistapi_type_id_1": [
                            "int_e2eistapi_type_1_value_id_1",
                            "int_e2eistapi_type_1_value_id_3"
                        ],
                        "int_e2eistapi_type_id_2": [
                            "int_e2eistapi_type_2_value_id_2",
                            "int_e2eistapi_type_2_value_id_4"
                        ]
                    },
                    {
                        "team": [
                            "e2eistapi_buyer1"
                        ],
                        "int_e2eistapi_type_id_1": [
                            "int_e2eistapi_type_1_value_id_1"
                        ],
                        "int_e2eistapi_type_id_2": [
                            "int_e2eistapi_type_2_value_id_2"
                        ]
                    }
                ]
            }
        ],
        "users": [
            "e2esvtperf+legalmanualappr@gmail.com"
        ]
    }
]