[
    {
        "__id__": "e2esvtapi_team_setup_admin",
        "name": "e2esvtapi_team_setup_admin",
        "id": "e2esvtapi_team_setup_admin",
        "organization": "svt_performance",
        "roles": [
            {
                "name": "Team Setup Admin",
                "contexts": [
                    {
                        "org": [
                            "org_all"
                        ]
                    }
                ]
            }
        ],
        "users": [
            "e2esvtapi+team_setup_admin@gmail.com"
        ]
    },
    {
        "__id__": "e2esvtapi_sys_admin",
        "name": "e2esvtapi_sys_admin",
        "id": "e2esvtapi_sys_admin",
        "organization": "svt_performance",
        "roles": [
            {
                "name": "System Admin",
                "contexts": [
                    {
                        "org": [
                            "org_all"
                        ]
                    }
                ]
            }
        ],
        "users": [
            "e2esvtapi+sys_admin@gmail.com"
        ]
    },
    {
        "__id__": "e2esvtapi_user_admin",
        "name": "e2esvtapi_user_admin",
        "id": "e2esvtapi_user_admin",
        "organization": "svt_performance",
        "roles": [
            {
                "name": "User Admin",
                "contexts": [
                    {
                        "org": [
                            "org_all"
                        ]
                    }
                ]
            }
        ],
        "users": [
            "e2esvtapi+user_admin@gmail.com"
        ]
    },
    
    {
        "__id__": "e2esvtapi_budget_admin",
        "name": "e2esvtapi_budget_admin",
        "id": "e2esvtapi_budget_admin",
        "organization": "svt_performance",
        "roles": [
            {
                "name": "Budget Administrator",
                "contexts": [
                    {
                        "org": [
                            "org_all"
                        ]
                    }
                ]
            }
        ],
        "users": [
            "e2esvtapi+budget_admin@gmail.com"
        ]
    },
    {
        "__id__": "e2esvtapi_budget_viewer",
        "name": "e2esvtapi_budget_viewer",
        "id": "e2esvtapi_budget_viewer",
        "organization": "svt_performance",
        "roles": [
            {
                "name": "Budget Viewer",
                "contexts": [
                    {
                        "org": [
                            "org_all"
                        ]
                    }
                ]
            }
        ],
        "users": [
            "e2esvtapi+budget_viewer@gmail.com"
        ]
    },
    {
        "__id__": "e2esvtapi_report_admin",
        "name": "e2esvtapi_report_admin",
        "id": "e2esvtapi_report_admin",
        "organization": "svt_performance",
        "roles": [
            {
                "name": "Reports Administrator",
                "contexts": [
                    {
                        "org": [
                            "org_all"
                        ]
                    }
                ]
            }
        ],
        "users": [
            "e2esvtapi+report_admin@gmail.com"
        ]
    },
    {
        "__id__": "e2esvtapi_report_viewer",
        "name": "e2esvtapi_report_viewer",
        "id": "e2esvtapi_report_viewer",
        "organization": "svt_performance",
        "roles": [
            {
                "name": "Reports Viewer",
                "contexts": [
                    {
                        "org": [
                            "org_all"
                        ]
                    }
                ]
            }
        ],
        "users": [
            "e2esvtapi+report_viewer@gmail.com"
        ]
    },
    {
        "__id__": "e2esvtapi_providers_admin",
        "name": "e2esvtapi_providers_admin",
        "id": "e2esvtapi_providers_admin",
        "organization": "svt_performance",
        "roles": [
            {
                "name": "Provider Account Admin",
                "contexts": [
                    {
                        "org": [
                            "org_all"
                        ]
                    }
                ]
            }
        ],
        "users": [
            "e2esvtapi+providers_admin@gmail.com"
        ]
    },
    {
        "__id__": "e2esvtapi_buyer",
        "name": "e2esvtapi_buyer",
        "id": "e2esvtapi_buyer",
        "organization": "svt_performance",
        "roles": [
            {
                "name": "Buyer",
                "contexts": [
                    {
                        "org": [
                            "org_all"
                        ]
                    }
                ]
            }
        ],
        "users": [
            "e2esvtapi+buyer@gmail.com"
        ]
    },
    {
        "__id__": "e2esvtapi_techapprover",
        "name": "e2esvtapi_techapprover",
        "id": "e2esvtapi_techapprover",
        "organization": "svt_performance",
        "roles": [
            {
                "name": "Technical Approver",
                "contexts": [
                    {
                        "org": [
                            "org_all"
                        ]
                    }
                ]
            }
        ],
        "users": [
            "e2esvtapi+techapprover@gmail.com"
        ]
    },
    {
        "__id__": "e2esvtapi_finapprover",
        "name": "e2esvtapi_finapprover",
        "id": "e2esvtapi_finapprover",
        "organization": "svt_performance",
        "roles": [
            {
                "name": "Financial Approver",
                "contexts": [
                    {
                        "org": [
                            "org_all"
                        ]
                    }
                ]
            }
        ],
        "users": [
            "e2esvtapi+finapprover@gmail.com"
        ]
    },
    {
        "__id__": "e2esvtapi_lglapprover",
        "name": "e2esvtapi_lglapprover",
        "id": "e2esvtapi_lglapprover",
        "organization": "svt_performance",
        "roles": [
            {
                "name": "Legal Approver",
                "contexts": [
                    {
                        "org": [
                            "org_all"
                        ]
                    }
                ]
            }
        ],
        "users": [
            "e2esvtapi+lglapprover@gmail.com"
        ]
    },
    {
        "__id__": "e2esvtapi_catalog_admin",
        "name": "e2esvtapi_catalog_admin",
        "id": "e2esvtapi_catalog_admin",
        "organization": "svt_performance",
        "roles": [
            {
                "name": "Policy Administrator",
                "contexts": [
                    {
                        "org": [
                            "org_all"
                        ]
                    }
                ]
            }
        ],
        "users": [
            "e2esvtqa+policyadmin@gmail.com"
        ]
    },
    {
        "__id__": "e2esvtapi_catalog_admin",
        "name": "e2esvtapi_catalog_admin",
        "id": "e2esvtapi_catalog_admin",
        "organization": "svt_performance",
        "roles": [
            {
                "name": "Catalog Administrator",
                "contexts": [
                    {
                        "org": [
                            "org_all"
                        ]
                    }
                ]
            }
        ],
        "users": [
            "e2esvtapi+catalog_admin@gmail.com"
        ]
    },
    {
        "__id__": "e2esvtapi_policy_admin",
        "name": "e2esvtapi_policy_admin",
        "id": "e2esvtapi_policy_admin",
        "organization": "svt_performance",
        "roles": [
            {
                "name": "Policy Administrator",
                "contexts": [
                    {
                        "org": [
                            "org_all"
                        ]
                    }
                ]
            }
        ],
        "users": [
            "e2esvtapi+policy_admin@gmail.com"
        ]
    },
    {
        "__id__": "e2esvtapi_purchaser",
        "name": "e2esvtapi_purchaser",
        "id": "e2esvtapi_purchaser",
        "organization": "svt_performance",
        "roles": [
            {
                "name": "Purchaser",
                "contexts": [
                    {
                        "org": [
                            "org_all"
                        ]
                    }
                ]
            }
        ],
        "users": [
            "e2esvtapi+purchaser@gmail.com"
        ]
    },
    {
        "__id__": "e2esvtapi_operator",
        "name": "e2esvtapi_operator",
        "id": "e2esvtapi_operator",
        "organization": "svt_performance",
        "roles": [
            {
                "name": "Operator",
                "contexts": [
                    {
                        "org": [
                            "org_all"
                        ]
                    }
                ]
            }
        ],
        "users": [
            "e2esvtapi+operator@gmail.com"
        ]
    },
    {
        "__id__": "e2esvtapi_order_admin",
        "name": "e2esvtapi_order_admin",
        "id": "e2esvtapi_order_admin",
        "organization": "svt_performance",
        "roles": [
            {
                "name": "Order Administrator",
                "contexts": [
                    {
                        "org": [
                            "org_all"
                        ]
                    }
                ]
            }
        ],
        "users": [
            "e2esvtapi+order_admin@gmail.com"
        ]
    },
    {
        "__id__": "e2esvtapi_service_designer",
        "name": "e2esvtapi_service_designer",
        "id": "e2esvtapi_service_designer",
        "organization": "svt_performance",
        "roles": [
            {
                "name": "Service Designer",
                "contexts": [
                    {
                        "org": [
                            "org_all"
                        ]
                    }
                ]
            }
        ],
        "users": [
            "e2esvtapi+service_designer@gmail.com"
        ]
    },
    {
        "__id__": "e2esvtapi_cam_admin",
        "name": "e2esvtapi_cam_admin",
        "id": "e2esvtapi_cam_admin",
        "organization": "svt_performance",
        "roles": [
            {
                "name": "CAM Admin",
                "contexts": [
                    {
                        "org": [
                            "org_all"
                        ]
                    }
                ]
            }
        ],
        "users": [
            "e2esvtapi+cam_admin@gmail.com"
        ]
    },
    {
        "__id__": "e2esvtapi_it_ops_manager",
        "name": "e2esvtapi_it_ops_manager",
        "id": "e2esvtapi_it_ops_manager",
        "organization": "svt_performance",
        "roles": [
            {
                "name": "IT Ops Manager",
                "contexts": [
                    {
                        "org": [
                            "org_all"
                        ]
                    }
                ]
            }
        ],
        "users": [
            "e2esvtapi+it_ops_maneger@gmail.com"
        ]
    },
    {
        "__id__": "e2esvtapi_cost_analyst",
        "name": "e2esvtapi_cost_analyst",
        "id": "e2esvtapi_cost_analyst",
        "organization": "svt_performance",
        "roles": [
            {
                "name": "Cost Analyst",
                "contexts": [
                    {
                        "org": [
                            "org_all"
                        ]
                    }
                ]
            }
        ],
        "users": [
            "e2esvtapi+cost_analyst@gmail.com"
        ]
    },
    {
        "__id__": "e2esvtapi_asset_analyst",
        "name": "e2esvtapi_asset_analyst",
        "id": "e2esvtapi_asset_analyst",
        "organization": "svt_performance",
        "roles": [
            {
                "name": "Asset Analyst",
                "contexts": [
                    {
                        "org": [
                            "org_all"
                        ]
                    }
                ]
            }
        ],
        "users": [
            "e2esvtapi+asset_analyst@gmail.com"
        ]
    },
    {
        "__id__": "e2esvtapi_cost_manager",
        "name": "e2esvtapi_cost_manager",
        "id": "e2esvtapi_cost_manager",
        "organization": "svt_performance",
        "roles": [
            {
                "name": "Cost Manager",
                "contexts": [
                    {
                        "org": [
                            "org_all"
                        ]
                    }
                ]
            }
        ],
        "users": [
            "e2esvtapi+cost_manager@gmail.com"
        ]
    },
    {
        "__id__": "e2esvtapi_asset_manager",
        "name": "e2esvtapi_asset_manager",
        "id": "e2esvtapi_asset_manager",
        "organization": "svt_performance",
        "roles": [
            {
                "name": "Asset Manager",
                "contexts": [
                    {
                        "org": [
                            "org_all"
                        ]
                    }
                ]
            }
        ],
        "users": [
            "e2esvtapi+asset_manager@gmail.com"
        ]
    },
    {
        "__id__": "e2esvtapi_cam_support",
        "name": "e2esvtapi_cam_support",
        "id": "e2esvtapi_cam_support",
        "organization": "svt_performance",
        "roles": [
            {
                "name": "CAM Support Admin",
                "contexts": [
                    {
                        "org": [
                            "org_all"
                        ]
                    }
                ]
            }
        ],
        "users": [
            "e2esvtapi+cam_support@gmail.com"
        ]
    },
    {
        "__id__": "e2esvtapi_audit_viewer",
        "name": "e2esvtapi_audit_viewer",
        "id": "e2esvtapi_audit_viewer",
        "organization": "svt_performance",
        "roles": [
            {
                "name": "Audit Viewer",
                "contexts": [
                    {
                        "org": [
                            "org_all"
                        ]
                    }
                ],
                "users": [
                    "e2esvtapi+audit_viewer@gmail.com"
                ]
            }
        ]
    }

]