[
  {
    "__id__": "team_setup_admin",
    "id": "e2esvtapi+team_setup_admin@gmail.com",
    "password": "gAAAAABfnGSpAK9fzvBXQKQryVNiPUVgkQ7QcP6PWrDAu4yaF75m6ZrnGfaUNvouqZPJm2edU7yirrC2np_oZBR2FbP7stv-qA==",
    "api_key": null,
    "first_name": "team_setup_admin",
    "middle_name": "etwoe",
    "last_name": "gmail",
    "emails": ["e2esvtapi+team_setup_admin@gmail.com"]
  },
  {
    "__id__": "sys_admin",
    "id": "e2esvtapi+sys_admin@gmail.com",
    "password": "gAAAAABdAmWzhQHmC3MADBa5PFs1_aqivfBe204b55y9W_RcgGwE83vqnxwkAYQP2A61OhkoMDApj5PabPauM-cB6WC6Kzx6eQ==",
    "api_key": null,
    "first_name": "sys_admin",
    "middle_name": "etwoe",
    "last_name": "gmail",
    "emails": ["e2esvtapi+sys_admin@gmail.com"]
  },
  {
    "__id__": "user_admin",
    "id": "e2esvtapi+user_admin@gmail.com",
    "password": "gAAAAABdAmWzhQHmC3MADBa5PFs1_aqivfBe204b55y9W_RcgGwE83vqnxwkAYQP2A61OhkoMDApj5PabPauM-cB6WC6Kzx6eQ==",
    "api_key": null,
    "first_name": "user_admin",
    "middle_name": "etwoe",
    "last_name": "gmail",
    "emails": ["e2esvtapi+user_admin@gmail.com"]
  },
  {
    "__id__": "audit_viewer",
    "id": "e2esvtapi+audit_viewer@gmail.com",
    "password": "gAAAAABdAmWzhQHmC3MADBa5PFs1_aqivfBe204b55y9W_RcgGwE83vqnxwkAYQP2A61OhkoMDApj5PabPauM-cB6WC6Kzx6eQ==",
    "api_key": null,
    "first_name": "audit_viewer",
    "middle_name": "etwoe",
    "last_name": "gmail",
    "emails": ["e2esvtapi+audit_viewer@gmail.com"]
  },
  {
    "__id__": "budget_admin",
    "id": "e2esvtapi+budget_admin@gmail.com",
    "password": "gAAAAABdAmWzhQHmC3MADBa5PFs1_aqivfBe204b55y9W_RcgGwE83vqnxwkAYQP2A61OhkoMDApj5PabPauM-cB6WC6Kzx6eQ==",
    "api_key": null,
    "first_name": "budget_admin",
    "middle_name": "etwoe",
    "last_name": "gmail",
    "emails": ["e2esvtapi+budget_admin@gmail.com"]
  },
  {
    "__id__": "budget_viewer",
    "id": "e2esvtapi+budget_viewer@gmail.com",
    "password": "gAAAAABdAmWzhQHmC3MADBa5PFs1_aqivfBe204b55y9W_RcgGwE83vqnxwkAYQP2A61OhkoMDApj5PabPauM-cB6WC6Kzx6eQ==",
    "api_key": null,
    "first_name": "budget_viewer",
    "middle_name": "etwoe",
    "last_name": "gmail",
    "emails": ["e2esvtapi+budget_viewer@gmail.com"]
  },
  {
    "__id__": "report_admin",
    "id": "e2esvtapi+report_admin@gmail.com",
    "password": "gAAAAABdAmWzhQHmC3MADBa5PFs1_aqivfBe204b55y9W_RcgGwE83vqnxwkAYQP2A61OhkoMDApj5PabPauM-cB6WC6Kzx6eQ==",
    "api_key": null,
    "first_name": "report_admin",
    "middle_name": "etwoe",
    "last_name": "gmail",
    "emails": ["e2esvtapi+report_admin@gmail.com"]
  },
  {
    "__id__": "report_viewer",
    "id": "e2esvtapi+report_viewer@gmail.com",
    "password": "gAAAAABdAmWzhQHmC3MADBa5PFs1_aqivfBe204b55y9W_RcgGwE83vqnxwkAYQP2A61OhkoMDApj5PabPauM-cB6WC6Kzx6eQ==",
    "api_key": null,
    "first_name": "report_viewer",
    "middle_name": "etwoe",
    "last_name": "gmail",
    "emails": ["e2esvtapi+report_viewer@gmail.com"]
  },
  {
    "__id__": "providers_admin",
    "id": "e2esvtapi+providers_admin@gmail.com",
    "password": "gAAAAABdAmWzhQHmC3MADBa5PFs1_aqivfBe204b55y9W_RcgGwE83vqnxwkAYQP2A61OhkoMDApj5PabPauM-cB6WC6Kzx6eQ==",
    "api_key": null,
    "first_name": "providers_admin",
    "middle_name": "etwoe",
    "last_name": "gmail",
    "emails": ["e2esvtapi+providers_admin@gmail.com"]
  },
  {
    "__id__": "buyer",
    "id": "e2esvtapi+buyer@gmail.com",
    "password": "gAAAAABdAmWzhQHmC3MADBa5PFs1_aqivfBe204b55y9W_RcgGwE83vqnxwkAYQP2A61OhkoMDApj5PabPauM-cB6WC6Kzx6eQ==",
    "api_key": null,
    "first_name": "buyer",
    "middle_name": "etwoe",
    "last_name": "gmail",
    "emails": ["e2esvtapi+buyer@gmail.com"]
  },
  {
    "__id__": "techapprover",
    "id": "e2esvtapi+techapprover@gmail.com",
    "password": "gAAAAABdAmWzhQHmC3MADBa5PFs1_aqivfBe204b55y9W_RcgGwE83vqnxwkAYQP2A61OhkoMDApj5PabPauM-cB6WC6Kzx6eQ==",
    "api_key": null,
    "first_name": "techapprover",
    "middle_name": "etwoe",
    "last_name": "gmail",
    "emails": ["e2esvtapi+techapprover@gmail.com"]
  },
  {
    "__id__": "finapprover",
    "id": "e2esvtapi+finapprover@gmail.com",
    "password": "gAAAAABdAmWzhQHmC3MADBa5PFs1_aqivfBe204b55y9W_RcgGwE83vqnxwkAYQP2A61OhkoMDApj5PabPauM-cB6WC6Kzx6eQ==",
    "api_key": null,
    "first_name": "finapprover",
    "middle_name": "etwoe",
    "last_name": "gmail",
    "emails": ["e2esvtapi+finapprover@gmail.com"]
  },
  {
    "__id__": "lglapprover",
    "id": "e2esvtapi+lglapprover@gmail.com",
    "password": "gAAAAABdAmWzhQHmC3MADBa5PFs1_aqivfBe204b55y9W_RcgGwE83vqnxwkAYQP2A61OhkoMDApj5PabPauM-cB6WC6Kzx6eQ==",
    "api_key": null,
    "first_name": "lglapprover",
    "middle_name": "etwoe",
    "last_name": "gmail",
    "emails": ["e2esvtapi+lglapprover@gmail.com"]
  },
  {
    "__id__": "catalog_admin",
    "id": "e2esvtapi+catalog_admin@gmail.com",
    "password": "gAAAAABdAmWzhQHmC3MADBa5PFs1_aqivfBe204b55y9W_RcgGwE83vqnxwkAYQP2A61OhkoMDApj5PabPauM-cB6WC6Kzx6eQ==",
    "api_key": null,
    "first_name": "catalog_admin",
    "middle_name": "etwoe",
    "last_name": "gmail",
    "emails": ["e2esvtapi+catalog_admin@gmail.com"]
  },
  {
    "__id__": "policy_admin",
    "id": "e2esvtapi+policy_admin@gmail.com",
    "password": "gAAAAABdAmWzhQHmC3MADBa5PFs1_aqivfBe204b55y9W_RcgGwE83vqnxwkAYQP2A61OhkoMDApj5PabPauM-cB6WC6Kzx6eQ==",
    "api_key": null,
    "first_name": "policy_admin",
    "middle_name": "etwoe",
    "last_name": "gmail",
    "emails": ["e2esvtapi+policy_admin@gmail.com"]
  },
  {
    "__id__": "purchaser",
    "id": "e2esvtapi+purchaser@gmail.com",
    "password": "gAAAAABdAmWzhQHmC3MADBa5PFs1_aqivfBe204b55y9W_RcgGwE83vqnxwkAYQP2A61OhkoMDApj5PabPauM-cB6WC6Kzx6eQ==",
    "api_key": null,
    "first_name": "purchaser",
    "middle_name": "etwoe",
    "last_name": "gmail",
    "emails": ["e2esvtapi+purchaser@gmail.com"]
  },
  {
    "__id__": "operator",
    "id": "e2esvtapi+operator@gmail.com",
    "password": "gAAAAABdAmWzhQHmC3MADBa5PFs1_aqivfBe204b55y9W_RcgGwE83vqnxwkAYQP2A61OhkoMDApj5PabPauM-cB6WC6Kzx6eQ==",
    "api_key": null,
    "first_name": "operator",
    "middle_name": "etwoe",
    "last_name": "gmail",
    "emails": ["e2esvtapi+operator@gmail.com"]
  },
  {
    "__id__": "order_admin",
    "id": "e2esvtapi+order_admin@gmail.com",
    "password": "gAAAAABdAmWzhQHmC3MADBa5PFs1_aqivfBe204b55y9W_RcgGwE83vqnxwkAYQP2A61OhkoMDApj5PabPauM-cB6WC6Kzx6eQ==",
    "api_key": null,
    "first_name": "order_admin",
    "middle_name": "etwoe",
    "last_name": "gmail",
    "emails": ["e2esvtapi+order_admin@gmail.com"]
  },
  {
    "__id__": "service_designer",
    "id": "e2esvtapi+service_designer@gmail.com",
    "password": "gAAAAABdAmWzhQHmC3MADBa5PFs1_aqivfBe204b55y9W_RcgGwE83vqnxwkAYQP2A61OhkoMDApj5PabPauM-cB6WC6Kzx6eQ==",
    "api_key": null,
    "first_name": "service_designer",
    "middle_name": "etwoe",
    "last_name": "gmail",
    "emails": ["e2esvtapi+service_designer@gmail.com"]
  },
  {
    "__id__": "cam_admin",
    "id": "e2esvtapi+cam_admin@gmail.com",
    "password": "gAAAAABdAmWzhQHmC3MADBa5PFs1_aqivfBe204b55y9W_RcgGwE83vqnxwkAYQP2A61OhkoMDApj5PabPauM-cB6WC6Kzx6eQ==",
    "api_key": null,
    "first_name": "cam_admin",
    "middle_name": "etwoe",
    "last_name": "gmail",
    "emails": ["e2esvtapi+cam_admin@gmail.com"]
  },
  {
    "__id__": "it_ops_maneger",
    "id": "e2esvtapi+it_ops_maneger@gmail.com",
    "password": "gAAAAABdAmWzhQHmC3MADBa5PFs1_aqivfBe204b55y9W_RcgGwE83vqnxwkAYQP2A61OhkoMDApj5PabPauM-cB6WC6Kzx6eQ==",
    "api_key": null,
    "first_name": "it_ops_maneger",
    "middle_name": "etwoe",
    "last_name": "gmail",
    "emails": ["e2esvtapi+it_ops_maneger@gmail.com"]
  },
  {
    "__id__": "cost_analyst",
    "id": "e2esvtapi+cost_analyst@gmail.com",
    "password": "gAAAAABdAmWzhQHmC3MADBa5PFs1_aqivfBe204b55y9W_RcgGwE83vqnxwkAYQP2A61OhkoMDApj5PabPauM-cB6WC6Kzx6eQ==",
    "api_key": null,
    "first_name": "cost_analyst",
    "middle_name": "etwoe",
    "last_name": "gmail",
    "emails": ["e2esvtapi+cost_analyst@gmail.com"]
  },
  {
    "__id__": "asset_analyst",
    "id": "e2esvtapi+asset_analyst@gmail.com",
    "password": "gAAAAABdAmWzhQHmC3MADBa5PFs1_aqivfBe204b55y9W_RcgGwE83vqnxwkAYQP2A61OhkoMDApj5PabPauM-cB6WC6Kzx6eQ==",
    "api_key": null,
    "first_name": "asset_analyst",
    "middle_name": "etwoe",
    "last_name": "gmail",
    "emails": ["e2esvtapi+asset_analyst@gmail.com"]
  },
  {
    "__id__": "cost_manager",
    "id": "e2esvtapi+cost_manager@gmail.com",
    "password": "gAAAAABdAmWzhQHmC3MADBa5PFs1_aqivfBe204b55y9W_RcgGwE83vqnxwkAYQP2A61OhkoMDApj5PabPauM-cB6WC6Kzx6eQ==",
    "api_key": null,
    "first_name": "cost_manager",
    "middle_name": "etwoe",
    "last_name": "gmail",
    "emails": ["e2esvtapi+cost_manager@gmail.com"]
  },
  {
    "__id__": "asset_manager",
    "id": "e2esvtapi+asset_manager@gmail.com",
    "password": "gAAAAABdAmWzhQHmC3MADBa5PFs1_aqivfBe204b55y9W_RcgGwE83vqnxwkAYQP2A61OhkoMDApj5PabPauM-cB6WC6Kzx6eQ==",
    "api_key": null,
    "first_name": "asset_manager",
    "middle_name": "etwoe",
    "last_name": "gmail",
    "emails": ["e2esvtapi+asset_manager@gmail.com"]
  },
  {
    "__id__": "cam_support",
    "id": "e2esvtapi+cam_support@gmail.com",
    "password": "gAAAAABdAmWzhQHmC3MADBa5PFs1_aqivfBe204b55y9W_RcgGwE83vqnxwkAYQP2A61OhkoMDApj5PabPauM-cB6WC6Kzx6eQ==",
    "api_key": null,
    "first_name": "cam_support",
    "middle_name": "etwoe",
    "last_name": "gmail",
    "emails": ["e2esvtapi+cam_support@gmail.com"]
  }
]
