{
    "name": "IMI - Azure Batch Management Service",
    "resourceTypes": [
        "azure|Microsoft.Batch/batchAccounts"
    ],
    "description": "Cloud Management Service for Azure Batch",
    "servicelevels": [
        {
            "name": "Management level",
            "tags": [
                {
                    "tagkey": "ibm_imi_managedservices_tier",
                    "tagvalue": "enterprise",
                    "shortDesc": "Cloud Enterprise",
                    "description": [
                        "Provisioning and Deprovisioning of instances",
                        "Administration and Configuration updates",
                        "Health Checks and OS Patching",
                        "Backup Management",
                        "Troubleshooting of issues",
                        "Monitoring and Alerting"
                    ]
                }
            ]
        },
        {
            "name": "Billing Plan",
            "tags": [
                {
                    "tagkey": "ibm_imi_billing_plan",
                    "tagvalue": "Monthly",
                    "shortDesc": "Monthly",
                    "description": [
                        "Monthly billing"
                    ]
                }
            ]
        }
    ]
}

