{
    "name": "IMI - Azure Express Route Circut Management Service",
    "resourceTypes": [
        "azure|Microsoft.Network/expressRouteCircuits"
    ],
    "description": "Cloud Management Service for Azure Express Route Circut",
    "servicelevels": [
        {
            "name": "Management level",
            "tags": [
                {
                    "tagkey": "ibm_imi_managedservices_tier",
                    "tagvalue": "enterprise",
                    "shortDesc": "Cloud Enterprise",
                    "description": [
                        "Use Azure ExpressRoute to create private connections between Azure datacenters and infrastructure on your premises or in a colocation environment. ExpressRoute connections don't go over the public Internet and they offer more reliability, faster speeds and lower latencies than typical Internet connections. In some cases, using ExpressRoute connections to transfer data between on-premises systems and Azure can give you significant cost benefits."
                    ]
                }
            ]
        },
        {
            "name": "Billing Plan",
            "tags": [
                {
                    "tagkey": "ibm_imi_billing_plan",
                    "tagvalue": "Monthly",
                    "shortDesc": "Monthly",
                    "description": [
                        "Monthly billing"
                    ]
                }
            ]
        }
    ]
}

