[
    {
        "name": "PolicyManualApprove",
        "start_date": null,
        "end_date": null,
        "context": {
            "org": "svt_performance",
            "team": "e2esvtperf_manualapprove_buyer",
            "int_e2esvtapi_type_id_1": "int_e2esvtapi_type_1_value_id_1",
            "int_e2esvtapi_type_id_2": "int_e2esvtapi_type_2_value_id_2"
        },
        "rules": [{
            "name": "RuleManualApprove",
            "criteria": {
                "order_types": ["New", "Delete", "EditSOI"],
                "provider_codes": ["aws"],
                "monthly_cost": "< 50000000",
                "budget": "BUDGET_AVAILABLE",
                "one_time_charge": false
            },
            "outcomes": {
                "technical": "manual",
                "financial": "manual"
            }
        }]
    },
    {
        "name": "PolicyAutoApprove",
        "start_date": null,
        "end_date": null,
        "context": {
            "org": "svt_performance",
            "team": "e2esvtperf_autoapprove_buyer",
            "int_e2esvtapi_type_id_1": "int_e2esvtapi_type_1_value_id_1",
            "int_e2esvtapi_type_id_2": "int_e2esvtapi_type_2_value_id_2"
        },
        "rules": [{
            "name": "RuleAutoApprove",
            "criteria": {
                "order_types": ["New", "Delete", "EditSOI"],
                "provider_codes": ["aws"],
                "monthly_cost": "< 50000000",
                "budget": "BUDGET_AVAILABLE",
                "one_time_charge": false
            },
            "outcomes": {
                "technical": "auto_approve",
                "financial": "auto_approve"
            }
        }]
    },
    {
        "name": "PolicyAutoDeny",
        "start_date": null,
        "end_date": null,
        "context": {
            "org": "svt_performance",
            "team": "e2esvtperf_autodeny_buyer",
            "int_e2esvtapi_type_id_1": "int_e2esvtapi_type_1_value_id_1",
            "int_e2esvtapi_type_id_2": "int_e2esvtapi_type_2_value_id_2"
        },
        "rules": [{
            "name": "RuleAutoDeny",
            "criteria": {
                "order_types": ["New", "Delete", "EditSOI"],
                "provider_codes": ["aws"],
                "monthly_cost": "< 50000000",
                "budget": "BUDGET_AVAILABLE",
                "one_time_charge": false
            },
            "outcomes": {
                "technical": "auto_deny",
                "financial": "auto_deny"
            }
        }]
    }
]