{
    "types": [
        {
            "type_id": "ext_cs_fvt_api_type_id_1",
            "type_name": "ext_cs_fvt_api_type_name_1",
            "display_order": 10,
            "type_values":
            [
                {
                    "id": "ext_cs_fvt_api_type_1_value_id_1",
                    "name": "ext_cs_fvt_api_type_1_value_name_1",
                    "status": "Active"
                },
                {
                    "id": "ext_cs_fvt_api_type_1_value_id_2",
                    "name": "ext_cs_fvt_api_type_1_value_name_2",
                    "status": "Active"
                },
                {
                    "id": "ext_cs_fvt_api_type_1_value_id_3",
                    "name": "ext_cs_fvt_api_type_1_value_name_3",
                    "status": "Active"
                }
            ]
        },
        {
            "type_id": "ext_cs_fvt_api_type_id_2",
            "type_name": "ext_cs_fvt_api_type_name_2",
            "display_order": 10,
            "type_values": [
                {
                    "id": "ext_cs_fvt_api_type_2_value_id_1",
                    "name": "ext_cs_fvt_api_type_2_value_name_1",
                    "status": "Active"
                },
                {
                    "id": "ext_cs_fvt_api_type_2_value_id_2",
                    "name": "ext_cs_fvt_api_type_2_value_name_2",
                    "status": "Active"
                },
                {
                    "id": "ext_cs_fvt_api_type_2_value_id_3",
                    "name": "ext_cs_fvt_api_type_2_value_name_3",
                    "status": "Active"
                },
                {
                    "id": "ext_cs_fvt_api_type_2_value_id_4",
                    "name": "ext_cs_fvt_api_type_2_value_name_4",
                    "status": "Active"
                },
                {
                    "id": "ext_cs_fvt_api_type_2_value_id_5",
                    "name": "ext_cs_fvt_api_type_2_value_name_5",
                    "status": "Active"
                },
                {
                    "id": "ext_cs_fvt_api_type_2_value_id_6",
                    "name": "ext_cs_fvt_api_type_2_value_name_6",
                    "status": "Active"
                },
                {
                    "id": "ext_cs_fvt_api_type_2_value_id_7",
                    "name": "ext_cs_fvt_api_type_2_value_name_7",
                    "status": "Active"
                },
                {
                    "id": "ext_cs_fvt_api_type_2_value_id_8",
                    "name": "ext_cs_fvt_api_type_2_value_name_8",
                    "status": "Active"
                },
                {
                    "id": "ext_cs_fvt_api_type_2_value_id_9",
                    "name": "ext_cs_fvt_api_type_2_value_name_9",
                    "status": "Active"
                }
            ]
        }
    ],
    "context_dependencies": [
        {
            "contexttagtype": "ext_cs_fvt_api_type_id_1",
            "dependents": [
                {
                    "contexttagtype": "ext_cs_fvt_api_type_id_2"
                }
            ]
        },
        {
            "contexttagtype": "ext_cs_fvt_api_type_id_2",
            "depends_on": [
                {
                    "contexttagtype": "ext_cs_fvt_api_type_id_1"
                }
            ]
        }
    ],
    "context_dependencies_values": [
        {
            "ext_cs_fvt_api_type_id_1": [
                "ext_cs_fvt_api_type_1_value_id_1"
            ],
            "ext_cs_fvt_api_type_id_2": [
                "ext_cs_fvt_api_type_2_value_id_1",
                "ext_cs_fvt_api_type_2_value_id_2",
                "ext_cs_fvt_api_type_2_value_id_3"
            ]
        },
        {
            "ext_cs_fvt_api_type_id_1": [
                "ext_cs_fvt_api_type_1_value_id_2"
            ],
            "ext_cs_fvt_api_type_id_2": [
                "ext_cs_fvt_api_type_2_value_id_4",
                "ext_cs_fvt_api_type_2_value_id_5",
                "ext_cs_fvt_api_type_2_value_id_6"
            ]
        },
        {
            "ext_cs_fvt_api_type_id_1": [
                "ext_cs_fvt_api_type_1_value_id_3"
            ],
            "ext_cs_fvt_api_type_id_2": [
                "ext_cs_fvt_api_type_2_value_id_7",
                "ext_cs_fvt_api_type_2_value_id_8",
                "ext_cs_fvt_api_type_2_value_id_9"
            ]
        }
    ]
}
